--
-- PostgreSQL database dump
--

-- Dumped from database version 17.2
-- Dumped by pg_dump version 17.2

SET statement_timeout = 0;
SET lock_timeout = 0;
SET idle_in_transaction_session_timeout = 0;
SET transaction_timeout = 0;
SET client_encoding = 'UTF8';
SET standard_conforming_strings = on;
SELECT pg_catalog.set_config('search_path', '', false);
SET check_function_bodies = false;
SET xmloption = content;
SET client_min_messages = warning;
SET row_security = off;

SET default_tablespace = '';

SET default_table_access_method = heap;

--
-- Name: auth_group; Type: TABLE; Schema: public; Owner: postgres
--

CREATE TABLE public.auth_group (
    id integer NOT NULL,
    name character varying(150) NOT NULL
);


ALTER TABLE public.auth_group OWNER TO postgres;

--
-- Name: auth_group_id_seq; Type: SEQUENCE; Schema: public; Owner: postgres
--

ALTER TABLE public.auth_group ALTER COLUMN id ADD GENERATED BY DEFAULT AS IDENTITY (
    SEQUENCE NAME public.auth_group_id_seq
    START WITH 1
    INCREMENT BY 1
    NO MINVALUE
    NO MAXVALUE
    CACHE 1
);


--
-- Name: auth_group_permissions; Type: TABLE; Schema: public; Owner: postgres
--

CREATE TABLE public.auth_group_permissions (
    id bigint NOT NULL,
    group_id integer NOT NULL,
    permission_id integer NOT NULL
);


ALTER TABLE public.auth_group_permissions OWNER TO postgres;

--
-- Name: auth_group_permissions_id_seq; Type: SEQUENCE; Schema: public; Owner: postgres
--

ALTER TABLE public.auth_group_permissions ALTER COLUMN id ADD GENERATED BY DEFAULT AS IDENTITY (
    SEQUENCE NAME public.auth_group_permissions_id_seq
    START WITH 1
    INCREMENT BY 1
    NO MINVALUE
    NO MAXVALUE
    CACHE 1
);


--
-- Name: auth_permission; Type: TABLE; Schema: public; Owner: postgres
--

CREATE TABLE public.auth_permission (
    id integer NOT NULL,
    name character varying(255) NOT NULL,
    content_type_id integer NOT NULL,
    codename character varying(100) NOT NULL
);


ALTER TABLE public.auth_permission OWNER TO postgres;

--
-- Name: auth_permission_id_seq; Type: SEQUENCE; Schema: public; Owner: postgres
--

ALTER TABLE public.auth_permission ALTER COLUMN id ADD GENERATED BY DEFAULT AS IDENTITY (
    SEQUENCE NAME public.auth_permission_id_seq
    START WITH 1
    INCREMENT BY 1
    NO MINVALUE
    NO MAXVALUE
    CACHE 1
);


--
-- Name: django_admin_log; Type: TABLE; Schema: public; Owner: postgres
--

CREATE TABLE public.django_admin_log (
    id integer NOT NULL,
    action_time timestamp with time zone NOT NULL,
    object_id text,
    object_repr character varying(200) NOT NULL,
    action_flag smallint NOT NULL,
    change_message text NOT NULL,
    content_type_id integer,
    user_id uuid NOT NULL,
    CONSTRAINT django_admin_log_action_flag_check CHECK ((action_flag >= 0))
);


ALTER TABLE public.django_admin_log OWNER TO postgres;

--
-- Name: django_admin_log_id_seq; Type: SEQUENCE; Schema: public; Owner: postgres
--

ALTER TABLE public.django_admin_log ALTER COLUMN id ADD GENERATED BY DEFAULT AS IDENTITY (
    SEQUENCE NAME public.django_admin_log_id_seq
    START WITH 1
    INCREMENT BY 1
    NO MINVALUE
    NO MAXVALUE
    CACHE 1
);


--
-- Name: django_content_type; Type: TABLE; Schema: public; Owner: postgres
--

CREATE TABLE public.django_content_type (
    id integer NOT NULL,
    app_label character varying(100) NOT NULL,
    model character varying(100) NOT NULL
);


ALTER TABLE public.django_content_type OWNER TO postgres;

--
-- Name: django_content_type_id_seq; Type: SEQUENCE; Schema: public; Owner: postgres
--

ALTER TABLE public.django_content_type ALTER COLUMN id ADD GENERATED BY DEFAULT AS IDENTITY (
    SEQUENCE NAME public.django_content_type_id_seq
    START WITH 1
    INCREMENT BY 1
    NO MINVALUE
    NO MAXVALUE
    CACHE 1
);


--
-- Name: django_migrations; Type: TABLE; Schema: public; Owner: postgres
--

CREATE TABLE public.django_migrations (
    id bigint NOT NULL,
    app character varying(255) NOT NULL,
    name character varying(255) NOT NULL,
    applied timestamp with time zone NOT NULL
);


ALTER TABLE public.django_migrations OWNER TO postgres;

--
-- Name: django_migrations_id_seq; Type: SEQUENCE; Schema: public; Owner: postgres
--

ALTER TABLE public.django_migrations ALTER COLUMN id ADD GENERATED BY DEFAULT AS IDENTITY (
    SEQUENCE NAME public.django_migrations_id_seq
    START WITH 1
    INCREMENT BY 1
    NO MINVALUE
    NO MAXVALUE
    CACHE 1
);


--
-- Name: django_session; Type: TABLE; Schema: public; Owner: postgres
--

CREATE TABLE public.django_session (
    session_key character varying(40) NOT NULL,
    session_data text NOT NULL,
    expire_date timestamp with time zone NOT NULL
);


ALTER TABLE public.django_session OWNER TO postgres;

--
-- Name: evaluaciones_categoria; Type: TABLE; Schema: public; Owner: postgres
--

CREATE TABLE public.evaluaciones_categoria (
    id bigint NOT NULL,
    nombre character varying(100) NOT NULL,
    modulo_id bigint NOT NULL
);


ALTER TABLE public.evaluaciones_categoria OWNER TO postgres;

--
-- Name: evaluaciones_categoria_id_seq; Type: SEQUENCE; Schema: public; Owner: postgres
--

ALTER TABLE public.evaluaciones_categoria ALTER COLUMN id ADD GENERATED BY DEFAULT AS IDENTITY (
    SEQUENCE NAME public.evaluaciones_categoria_id_seq
    START WITH 1
    INCREMENT BY 1
    NO MINVALUE
    NO MAXVALUE
    CACHE 1
);


--
-- Name: evaluaciones_competencia; Type: TABLE; Schema: public; Owner: postgres
--

CREATE TABLE public.evaluaciones_competencia (
    id bigint NOT NULL,
    nombre character varying(100) NOT NULL,
    modulo_id bigint NOT NULL
);


ALTER TABLE public.evaluaciones_competencia OWNER TO postgres;

--
-- Name: evaluaciones_competencia_id_seq; Type: SEQUENCE; Schema: public; Owner: postgres
--

ALTER TABLE public.evaluaciones_competencia ALTER COLUMN id ADD GENERATED BY DEFAULT AS IDENTITY (
    SEQUENCE NAME public.evaluaciones_competencia_id_seq
    START WITH 1
    INCREMENT BY 1
    NO MINVALUE
    NO MAXVALUE
    CACHE 1
);


--
-- Name: evaluaciones_intentoexamen; Type: TABLE; Schema: public; Owner: postgres
--

CREATE TABLE public.evaluaciones_intentoexamen (
    id uuid NOT NULL,
    fecha_inicio timestamp with time zone NOT NULL,
    fecha_finalizacion timestamp with time zone,
    estado character varying(30) NOT NULL,
    estudiante_id uuid NOT NULL,
    plantilla_examen_id uuid NOT NULL,
    plan_estudio_ia text
);


ALTER TABLE public.evaluaciones_intentoexamen OWNER TO postgres;

--
-- Name: evaluaciones_intentomodulo; Type: TABLE; Schema: public; Owner: postgres
--

CREATE TABLE public.evaluaciones_intentomodulo (
    id uuid NOT NULL,
    estado character varying(20) NOT NULL,
    intento_id uuid NOT NULL,
    modulo_id bigint NOT NULL
);


ALTER TABLE public.evaluaciones_intentomodulo OWNER TO postgres;

--
-- Name: evaluaciones_moduloprueba; Type: TABLE; Schema: public; Owner: postgres
--

CREATE TABLE public.evaluaciones_moduloprueba (
    id bigint NOT NULL,
    nombre character varying(100) NOT NULL
);


ALTER TABLE public.evaluaciones_moduloprueba OWNER TO postgres;

--
-- Name: evaluaciones_moduloprueba_id_seq; Type: SEQUENCE; Schema: public; Owner: postgres
--

ALTER TABLE public.evaluaciones_moduloprueba ALTER COLUMN id ADD GENERATED BY DEFAULT AS IDENTITY (
    SEQUENCE NAME public.evaluaciones_moduloprueba_id_seq
    START WITH 1
    INCREMENT BY 1
    NO MINVALUE
    NO MAXVALUE
    CACHE 1
);


--
-- Name: evaluaciones_opcionrespuesta; Type: TABLE; Schema: public; Owner: postgres
--

CREATE TABLE public.evaluaciones_opcionrespuesta (
    id uuid NOT NULL,
    texto text,
    imagen character varying(100),
    es_correcta boolean NOT NULL,
    pregunta_id uuid NOT NULL
);


ALTER TABLE public.evaluaciones_opcionrespuesta OWNER TO postgres;

--
-- Name: evaluaciones_plantillaexamen; Type: TABLE; Schema: public; Owner: postgres
--

CREATE TABLE public.evaluaciones_plantillaexamen (
    id uuid NOT NULL,
    titulo character varying(200) NOT NULL,
    descripcion text NOT NULL,
    tiempo_minutos integer,
    fecha_inicio timestamp with time zone NOT NULL,
    fecha_fin timestamp with time zone NOT NULL,
    mostrar_resultados_inmediatos boolean NOT NULL,
    es_simulacro_oficial boolean NOT NULL,
    estado character varying(15) NOT NULL,
    created_at timestamp with time zone NOT NULL,
    updated_at timestamp with time zone NOT NULL,
    creado_por_id uuid
);


ALTER TABLE public.evaluaciones_plantillaexamen OWNER TO postgres;

--
-- Name: evaluaciones_plantillaexamen_programas_destino; Type: TABLE; Schema: public; Owner: postgres
--

CREATE TABLE public.evaluaciones_plantillaexamen_programas_destino (
    id bigint NOT NULL,
    plantillaexamen_id uuid NOT NULL,
    programaacademico_id integer NOT NULL
);


ALTER TABLE public.evaluaciones_plantillaexamen_programas_destino OWNER TO postgres;

--
-- Name: evaluaciones_plantillaexamen_programas_destino_id_seq; Type: SEQUENCE; Schema: public; Owner: postgres
--

ALTER TABLE public.evaluaciones_plantillaexamen_programas_destino ALTER COLUMN id ADD GENERATED BY DEFAULT AS IDENTITY (
    SEQUENCE NAME public.evaluaciones_plantillaexamen_programas_destino_id_seq
    START WITH 1
    INCREMENT BY 1
    NO MINVALUE
    NO MAXVALUE
    CACHE 1
);


--
-- Name: evaluaciones_pregunta; Type: TABLE; Schema: public; Owner: postgres
--

CREATE TABLE public.evaluaciones_pregunta (
    id uuid NOT NULL,
    nivel_dificultad character varying(15) NOT NULL,
    contexto_texto text,
    contexto_imagen character varying(100),
    enunciado text NOT NULL,
    justificacion text,
    limite_palabras integer,
    rubrica_evaluacion text,
    estado character varying(15) NOT NULL,
    created_at timestamp with time zone NOT NULL,
    updated_at timestamp with time zone NOT NULL,
    categoria_id bigint NOT NULL,
    competencia_id bigint NOT NULL,
    modulo_id bigint NOT NULL,
    version_original_id uuid,
    lote_id uuid,
    codigo_latex text,
    imagen_grafica character varying(100),
    soporte_multimedia character varying(10) NOT NULL,
    creado_por_id uuid
);


ALTER TABLE public.evaluaciones_pregunta OWNER TO postgres;

--
-- Name: evaluaciones_reglaexamen; Type: TABLE; Schema: public; Owner: postgres
--

CREATE TABLE public.evaluaciones_reglaexamen (
    id uuid NOT NULL,
    cantidad_preguntas integer NOT NULL,
    nivel_dificultad character varying(15) NOT NULL,
    categoria_id bigint,
    examen_id uuid NOT NULL,
    modulo_id bigint NOT NULL
);


ALTER TABLE public.evaluaciones_reglaexamen OWNER TO postgres;

--
-- Name: evaluaciones_respuestaestudiante; Type: TABLE; Schema: public; Owner: postgres
--

CREATE TABLE public.evaluaciones_respuestaestudiante (
    id uuid NOT NULL,
    texto_respuesta_abierta text,
    marcada_para_revision boolean NOT NULL,
    puntaje_calificado numeric(5,2),
    fecha_respuesta timestamp with time zone NOT NULL,
    intento_id uuid NOT NULL,
    opcion_seleccionada_id uuid,
    pregunta_id uuid NOT NULL,
    evaluador_id uuid
);


ALTER TABLE public.evaluaciones_respuestaestudiante OWNER TO postgres;

--
-- Name: users_notificacion; Type: TABLE; Schema: public; Owner: postgres
--

CREATE TABLE public.users_notificacion (
    id uuid NOT NULL,
    tipo character varying(40) NOT NULL,
    mensaje character varying(255) NOT NULL,
    leida boolean NOT NULL,
    created_at timestamp with time zone NOT NULL,
    usuario_id uuid NOT NULL
);


ALTER TABLE public.users_notificacion OWNER TO postgres;

--
-- Name: users_programaacademico; Type: TABLE; Schema: public; Owner: postgres
--

CREATE TABLE public.users_programaacademico (
    id integer NOT NULL,
    codigo_snies character varying(15) NOT NULL,
    nombre character varying(150) NOT NULL,
    facultad character varying(100) NOT NULL,
    sede character varying(50) NOT NULL
);


ALTER TABLE public.users_programaacademico OWNER TO postgres;

--
-- Name: users_programaacademico_id_seq; Type: SEQUENCE; Schema: public; Owner: postgres
--

ALTER TABLE public.users_programaacademico ALTER COLUMN id ADD GENERATED BY DEFAULT AS IDENTITY (
    SEQUENCE NAME public.users_programaacademico_id_seq
    START WITH 1
    INCREMENT BY 1
    NO MINVALUE
    NO MAXVALUE
    CACHE 1
);


--
-- Name: users_usuario; Type: TABLE; Schema: public; Owner: postgres
--

CREATE TABLE public.users_usuario (
    password character varying(128) NOT NULL,
    last_login timestamp with time zone,
    is_superuser boolean NOT NULL,
    id uuid NOT NULL,
    documento character varying(20) NOT NULL,
    tipo_documento character varying(5) NOT NULL,
    codigo_estudiante character varying(15),
    nombres character varying(100) NOT NULL,
    apellidos character varying(100) NOT NULL,
    correo_institucional character varying(254) NOT NULL,
    genero character varying(2),
    es_primer_ingreso boolean NOT NULL,
    is_active boolean NOT NULL,
    is_staff boolean NOT NULL,
    programa_id integer,
    rol character varying(20) NOT NULL,
    semestre_actual integer
);


ALTER TABLE public.users_usuario OWNER TO postgres;

--
-- Name: users_usuario_groups; Type: TABLE; Schema: public; Owner: postgres
--

CREATE TABLE public.users_usuario_groups (
    id bigint NOT NULL,
    usuario_id uuid NOT NULL,
    group_id integer NOT NULL
);


ALTER TABLE public.users_usuario_groups OWNER TO postgres;

--
-- Name: users_usuario_groups_id_seq; Type: SEQUENCE; Schema: public; Owner: postgres
--

ALTER TABLE public.users_usuario_groups ALTER COLUMN id ADD GENERATED BY DEFAULT AS IDENTITY (
    SEQUENCE NAME public.users_usuario_groups_id_seq
    START WITH 1
    INCREMENT BY 1
    NO MINVALUE
    NO MAXVALUE
    CACHE 1
);


--
-- Name: users_usuario_user_permissions; Type: TABLE; Schema: public; Owner: postgres
--

CREATE TABLE public.users_usuario_user_permissions (
    id bigint NOT NULL,
    usuario_id uuid NOT NULL,
    permission_id integer NOT NULL
);


ALTER TABLE public.users_usuario_user_permissions OWNER TO postgres;

--
-- Name: users_usuario_user_permissions_id_seq; Type: SEQUENCE; Schema: public; Owner: postgres
--

ALTER TABLE public.users_usuario_user_permissions ALTER COLUMN id ADD GENERATED BY DEFAULT AS IDENTITY (
    SEQUENCE NAME public.users_usuario_user_permissions_id_seq
    START WITH 1
    INCREMENT BY 1
    NO MINVALUE
    NO MAXVALUE
    CACHE 1
);


--
-- Data for Name: auth_group; Type: TABLE DATA; Schema: public; Owner: postgres
--

COPY public.auth_group (id, name) FROM stdin;
\.


--
-- Data for Name: auth_group_permissions; Type: TABLE DATA; Schema: public; Owner: postgres
--

COPY public.auth_group_permissions (id, group_id, permission_id) FROM stdin;
\.


--
-- Data for Name: auth_permission; Type: TABLE DATA; Schema: public; Owner: postgres
--

COPY public.auth_permission (id, name, content_type_id, codename) FROM stdin;
1	Can add log entry	1	add_logentry
2	Can change log entry	1	change_logentry
3	Can delete log entry	1	delete_logentry
4	Can view log entry	1	view_logentry
5	Can add permission	3	add_permission
6	Can change permission	3	change_permission
7	Can delete permission	3	delete_permission
8	Can view permission	3	view_permission
9	Can add group	2	add_group
10	Can change group	2	change_group
11	Can delete group	2	delete_group
12	Can view group	2	view_group
13	Can add content type	4	add_contenttype
14	Can change content type	4	change_contenttype
15	Can delete content type	4	delete_contenttype
16	Can view content type	4	view_contenttype
17	Can add session	5	add_session
18	Can change session	5	change_session
19	Can delete session	5	delete_session
20	Can view session	5	view_session
21	Can add programa academico	6	add_programaacademico
22	Can change programa academico	6	change_programaacademico
23	Can delete programa academico	6	delete_programaacademico
24	Can view programa academico	6	view_programaacademico
25	Can add usuario	7	add_usuario
26	Can change usuario	7	change_usuario
27	Can delete usuario	7	delete_usuario
28	Can view usuario	7	view_usuario
29	Can add categoria	8	add_categoria
30	Can change categoria	8	change_categoria
31	Can delete categoria	8	delete_categoria
32	Can view categoria	8	view_categoria
33	Can add opcion respuesta	11	add_opcionrespuesta
34	Can change opcion respuesta	11	change_opcionrespuesta
35	Can delete opcion respuesta	11	delete_opcionrespuesta
36	Can view opcion respuesta	11	view_opcionrespuesta
37	Can add competencia	9	add_competencia
38	Can change competencia	9	change_competencia
39	Can delete competencia	9	delete_competencia
40	Can view competencia	9	view_competencia
41	Can add pregunta	12	add_pregunta
42	Can change pregunta	12	change_pregunta
43	Can delete pregunta	12	delete_pregunta
44	Can view pregunta	12	view_pregunta
45	Can add modulo prueba	10	add_moduloprueba
46	Can change modulo prueba	10	change_moduloprueba
47	Can delete modulo prueba	10	delete_moduloprueba
48	Can view modulo prueba	10	view_moduloprueba
49	Can add plantilla examen	13	add_plantillaexamen
50	Can change plantilla examen	13	change_plantillaexamen
51	Can delete plantilla examen	13	delete_plantillaexamen
52	Can view plantilla examen	13	view_plantillaexamen
53	Can add regla examen	14	add_reglaexamen
54	Can change regla examen	14	change_reglaexamen
55	Can delete regla examen	14	delete_reglaexamen
56	Can view regla examen	14	view_reglaexamen
57	Can add intento modulo	16	add_intentomodulo
58	Can change intento modulo	16	change_intentomodulo
59	Can delete intento modulo	16	delete_intentomodulo
60	Can view intento modulo	16	view_intentomodulo
61	Can add respuesta estudiante	17	add_respuestaestudiante
62	Can change respuesta estudiante	17	change_respuestaestudiante
63	Can delete respuesta estudiante	17	delete_respuestaestudiante
64	Can view respuesta estudiante	17	view_respuestaestudiante
65	Can add intento examen	15	add_intentoexamen
66	Can change intento examen	15	change_intentoexamen
67	Can delete intento examen	15	delete_intentoexamen
68	Can view intento examen	15	view_intentoexamen
69	Can add notificacion	18	add_notificacion
70	Can change notificacion	18	change_notificacion
71	Can delete notificacion	18	delete_notificacion
72	Can view notificacion	18	view_notificacion
\.


--
-- Data for Name: django_admin_log; Type: TABLE DATA; Schema: public; Owner: postgres
--

COPY public.django_admin_log (id, action_time, object_id, object_repr, action_flag, change_message, content_type_id, user_id) FROM stdin;
1	2026-03-15 13:28:06.123894-05	1	Lectura Crítica	1	[{"added": {}}]	10	d6472fea-6b4c-4669-a238-913c51d5fa25
2	2026-03-15 13:28:22.42641-05	1	Textos Filosóficos	1	[{"added": {}}]	8	d6472fea-6b4c-4669-a238-913c51d5fa25
3	2026-03-15 13:28:35.854274-05	1	Inferencia	1	[{"added": {}}]	9	d6472fea-6b4c-4669-a238-913c51d5fa25
4	2026-03-15 13:44:36.230746-05	b9256446-6799-4a28-a9d9-329ade48ab1f	Pregunta b9256446-6799-4a28-a9d9-329ade48ab1f	3		12	d6472fea-6b4c-4669-a238-913c51d5fa25
5	2026-03-15 13:44:41.944852-05	b0bf7a3b-dd56-463d-8cb7-9c27162c3528	Pregunta b0bf7a3b-dd56-463d-8cb7-9c27162c3528	3		12	d6472fea-6b4c-4669-a238-913c51d5fa25
6	2026-03-15 13:44:45.981846-05	20afd689-bcd7-48af-b12c-4a6e29041001	Pregunta 20afd689-bcd7-48af-b12c-4a6e29041001	3		12	d6472fea-6b4c-4669-a238-913c51d5fa25
7	2026-03-15 13:44:50.134183-05	1ec2cebe-8e8f-46a4-92ce-306ca1352fa3	Pregunta 1ec2cebe-8e8f-46a4-92ce-306ca1352fa3	3		12	d6472fea-6b4c-4669-a238-913c51d5fa25
8	2026-03-15 18:12:35.09743-05	4139212e-93b7-434b-8e0c-f2066e1d4638	Simulacro Oficial Saber Pro 2026-1	2	[{"changed": {"fields": ["Fecha inicio"]}}]	13	d6472fea-6b4c-4669-a238-913c51d5fa25
9	2026-03-15 18:15:58.208664-05	9bb733ea-0dfe-4f6f-82a6-1f9f5007072a	Regla 9bb733ea-0dfe-4f6f-82a6-1f9f5007072a	2	[{"changed": {"fields": ["Cantidad preguntas"]}}]	14	d6472fea-6b4c-4669-a238-913c51d5fa25
10	2026-03-15 18:17:10.093784-05	9bb733ea-0dfe-4f6f-82a6-1f9f5007072a	Regla 9bb733ea-0dfe-4f6f-82a6-1f9f5007072a	2	[{"changed": {"fields": ["Nivel dificultad"]}}]	14	d6472fea-6b4c-4669-a238-913c51d5fa25
11	2026-03-15 18:17:31.873917-05	9bb733ea-0dfe-4f6f-82a6-1f9f5007072a	Regla 9bb733ea-0dfe-4f6f-82a6-1f9f5007072a	2	[]	14	d6472fea-6b4c-4669-a238-913c51d5fa25
12	2026-03-15 18:17:40.036502-05	9bb733ea-0dfe-4f6f-82a6-1f9f5007072a	Regla 9bb733ea-0dfe-4f6f-82a6-1f9f5007072a	2	[]	14	d6472fea-6b4c-4669-a238-913c51d5fa25
13	2026-03-15 18:17:59.813186-05	479fd1ce-2b85-4ffd-9fa6-2a1d84f542aa	Pregunta 479fd1ce-2b85-4ffd-9fa6-2a1d84f542aa	2	[{"changed": {"fields": ["Estado"]}}]	12	d6472fea-6b4c-4669-a238-913c51d5fa25
14	2026-03-15 18:55:07.791552-05	4139212e-93b7-434b-8e0c-f2066e1d4638	Simulacro Oficial Saber Pro 2026-1	2	[{"changed": {"fields": ["Mostrar resultados inmediatos"]}}]	13	d6472fea-6b4c-4669-a238-913c51d5fa25
15	2026-03-16 08:38:57.294361-05	d6472fea-6b4c-4669-a238-913c51d5fa25	admin@usco.edu.co	2	[{"changed": {"fields": ["Tipo documento", "Nombres", "Programa"]}}]	7	d6472fea-6b4c-4669-a238-913c51d5fa25
16	2026-03-16 15:50:37.409055-05	2	Razonamiento Cuantitativo	1	[{"added": {}}]	10	d6472fea-6b4c-4669-a238-913c51d5fa25
17	2026-04-13 19:41:49.864565-05	3	Comunicación Escrita	1	[{"added": {}}]	10	d6472fea-6b4c-4669-a238-913c51d5fa25
18	2026-04-13 19:41:58.954867-05	4	Inglés	1	[{"added": {}}]	10	d6472fea-6b4c-4669-a238-913c51d5fa25
19	2026-04-13 19:42:06.416604-05	5	Competencias Ciudadanas	1	[{"added": {}}]	10	d6472fea-6b4c-4669-a238-913c51d5fa25
\.


--
-- Data for Name: django_content_type; Type: TABLE DATA; Schema: public; Owner: postgres
--

COPY public.django_content_type (id, app_label, model) FROM stdin;
1	admin	logentry
2	auth	group
3	auth	permission
4	contenttypes	contenttype
5	sessions	session
6	users	programaacademico
7	users	usuario
8	evaluaciones	categoria
9	evaluaciones	competencia
10	evaluaciones	moduloprueba
11	evaluaciones	opcionrespuesta
12	evaluaciones	pregunta
13	evaluaciones	plantillaexamen
14	evaluaciones	reglaexamen
15	evaluaciones	intentoexamen
16	evaluaciones	intentomodulo
17	evaluaciones	respuestaestudiante
18	users	notificacion
\.


--
-- Data for Name: django_migrations; Type: TABLE DATA; Schema: public; Owner: postgres
--

COPY public.django_migrations (id, app, name, applied) FROM stdin;
1	contenttypes	0001_initial	2026-03-14 13:36:16.768796-05
2	contenttypes	0002_remove_content_type_name	2026-03-14 13:36:16.779434-05
3	auth	0001_initial	2026-03-14 13:36:16.814341-05
4	auth	0002_alter_permission_name_max_length	2026-03-14 13:36:16.819353-05
5	auth	0003_alter_user_email_max_length	2026-03-14 13:36:16.823514-05
6	auth	0004_alter_user_username_opts	2026-03-14 13:36:16.827203-05
7	auth	0005_alter_user_last_login_null	2026-03-14 13:36:16.830865-05
8	auth	0006_require_contenttypes_0002	2026-03-14 13:36:16.831842-05
9	auth	0007_alter_validators_add_error_messages	2026-03-14 13:36:16.835553-05
10	auth	0008_alter_user_username_max_length	2026-03-14 13:36:16.838563-05
11	auth	0009_alter_user_last_name_max_length	2026-03-14 13:36:16.841345-05
12	auth	0010_alter_group_name_max_length	2026-03-14 13:36:16.85803-05
13	auth	0011_update_proxy_permissions	2026-03-14 13:36:16.861147-05
14	auth	0012_alter_user_first_name_max_length	2026-03-14 13:36:16.866999-05
15	users	0001_initial	2026-03-14 13:36:16.919675-05
16	admin	0001_initial	2026-03-14 13:36:16.942702-05
17	admin	0002_logentry_remove_auto_add	2026-03-14 13:36:16.947228-05
18	admin	0003_logentry_add_action_flag_choices	2026-03-14 13:36:16.951151-05
19	sessions	0001_initial	2026-03-14 13:36:16.958365-05
20	evaluaciones	0001_initial	2026-03-15 13:12:06.068663-05
21	evaluaciones	0002_plantillaexamen_reglaexamen	2026-03-15 13:55:29.70174-05
22	evaluaciones	0003_intentoexamen_intentomodulo_respuestaestudiante	2026-03-15 14:11:57.827698-05
23	evaluaciones	0004_respuestaestudiante_evaluador	2026-03-15 18:38:09.746613-05
24	evaluaciones	0005_refactor_competencia_modulo	2026-03-16 17:34:44.072657-05
25	evaluaciones	0006_alter_opcionrespuesta_imagen	2026-03-16 18:02:58.976932-05
26	evaluaciones	0007_alter_plantillaexamen_estado	2026-03-17 16:10:40.177205-05
27	evaluaciones	0008_intentoexamen_plan_estudio_ia	2026-03-17 18:09:26.287072-05
28	users	0002_usuario_rol	2026-03-18 10:00:55.821307-05
29	users	0003_usuario_semestre_actual_alter_usuario_genero	2026-03-19 11:34:57.266088-05
30	evaluaciones	0009_pregunta_lote_id	2026-03-20 08:25:41.518631-05
31	users	0004_alter_usuario_rol	2026-03-20 08:25:41.530276-05
32	evaluaciones	0010_pregunta_codigo_latex_pregunta_imagen_grafica_and_more	2026-03-27 19:38:40.106975-05
33	users	0005_notificacion	2026-03-31 11:17:47.855921-05
34	evaluaciones	0011_intentoexamen_unico_intento_por_examen	2026-04-04 15:10:54.768403-05
35	evaluaciones	0012_plantillaexamen_creado_por_pregunta_creado_por	2026-04-04 15:51:31.731769-05
36	evaluaciones	0013_alter_opcionrespuesta_imagen_and_more	2026-04-04 21:32:06.171535-05
\.


--
-- Data for Name: django_session; Type: TABLE DATA; Schema: public; Owner: postgres
--

COPY public.django_session (session_key, session_data, expire_date) FROM stdin;
ro2ke9g650i65hsil8bl1g4rg5qdu3bd	.eJxVjDsOwjAQBe_imlj-e6Gk5wzRrtdLAiiR8qkQdyegFCC9bmbeU7W4Ll27znVqe1YnxSlkJxWbRKE0IaVjg85Dc7S-RMtR0EV1-M0Iy70O3_aGw3XUZRyWqSf9UfROZ30ZuT7Ou_t30OHcbbWzTnIgFusNI2RHlYqIEQp1m1AGgBzZR7AoCdjUjOKikGEIOanXGwGWQeY:1w1q6S:87mDqAhpmr8eX89T4Xjsa-Tp_8sCEDp-MnaVTYqhCVE	2026-03-29 13:22:16.471553-05
avoagkbuqpqvex8nrcl84d8aj08s5106	.eJxVjDsOwjAQBe_imlj-e6Gk5wzRrtdLAiiR8qkQdyegFCC9bmbeU7W4Ll27znVqe1YnxSlkJxWbRKE0IaVjg85Dc7S-RMtR0EV1-M0Iy70O3_aGw3XUZRyWqSf9UfROZ30ZuT7Ou_t30OHcbbWzTnIgFusNI2RHlYqIEQp1m1AGgBzZR7AoCdjUjOKikGEIOanXGwGWQeY:1w2Esz:0babkWxGrILjdqWgtzj9KQINPyATVKzjzAy2DVmFTZ8	2026-03-30 15:50:01.969632-05
owvm1t03pnuf3p22p8tin3r0kl5mjqa7	.eJxVjDsOwjAQBe_imlj-e6Gk5wzRrtdLAiiR8qkQdyegFCC9bmbeU7W4Ll27znVqe1YnxSlkJxWbRKE0IaVjg85Dc7S-RMtR0EV1-M0Iy70O3_aGw3XUZRyWqSf9UfROZ30ZuT7Ou_t30OHcbbWzTnIgFusNI2RHlYqIEQp1m1AGgBzZR7AoCdjUjOKikGEIOanXGwGWQeY:1wAswy:0wmb4ZBJSBNzae_dfgy1tbAzr5WRu4rIHCJeg60z6Ms	2026-04-23 12:13:52.138416-05
vz5wt43dhtw0ruxfe1ib47x4mrwtv33o	.eJxVjDsOwjAQBe_imlj-e6Gk5wzRrtdLAiiR8qkQdyegFCC9bmbeU7W4Ll27znVqe1YnxSlkJxWbRKE0IaVjg85Dc7S-RMtR0EV1-M0Iy70O3_aGw3XUZRyWqSf9UfROZ30ZuT7Ou_t30OHcbbWzTnIgFusNI2RHlYqIEQp1m1AGgBzZR7AoCdjUjOKikGEIOanXGwGWQeY:1wCRnk:my6TwiirFzey1vMtX0U0e-Xorx46ivsbdoSnvkgd5gE	2026-04-27 19:38:48.339778-05
\.


--
-- Data for Name: evaluaciones_categoria; Type: TABLE DATA; Schema: public; Owner: postgres
--

COPY public.evaluaciones_categoria (id, nombre, modulo_id) FROM stdin;
1	Textos Filosóficos	1
4	Estadística	2
5	Geometría	2
6	Álgebra y cálculo	2
10	Identifica y entiende los contenidos locales que conforman un texto	1
11	Comprende cómo se articulan las partes de un texto para darle un sentido global	1
12	Reflexiona a partir de un texto y evalúa su contenido	1
\.


--
-- Data for Name: evaluaciones_competencia; Type: TABLE DATA; Schema: public; Owner: postgres
--

COPY public.evaluaciones_competencia (id, nombre, modulo_id) FROM stdin;
1	Inferencia	1
12	Interpretación y representación	2
13	Formulación y ejecución	2
14	Argumentación	2
15	Continuos Literario	1
16	Continuos Informativo	1
17	Discontinuos Literario	1
18	Discontinuos Informativo	1
\.


--
-- Data for Name: evaluaciones_intentoexamen; Type: TABLE DATA; Schema: public; Owner: postgres
--

COPY public.evaluaciones_intentoexamen (id, fecha_inicio, fecha_finalizacion, estado, estudiante_id, plantilla_examen_id, plan_estudio_ia) FROM stdin;
\.


--
-- Data for Name: evaluaciones_intentomodulo; Type: TABLE DATA; Schema: public; Owner: postgres
--

COPY public.evaluaciones_intentomodulo (id, estado, intento_id, modulo_id) FROM stdin;
\.


--
-- Data for Name: evaluaciones_moduloprueba; Type: TABLE DATA; Schema: public; Owner: postgres
--

COPY public.evaluaciones_moduloprueba (id, nombre) FROM stdin;
1	Lectura Crítica
2	Razonamiento Cuantitativo
3	Comunicación Escrita
4	Inglés
5	Competencias Ciudadanas
\.


--
-- Data for Name: evaluaciones_opcionrespuesta; Type: TABLE DATA; Schema: public; Owner: postgres
--

COPY public.evaluaciones_opcionrespuesta (id, texto, imagen, es_correcta, pregunta_id) FROM stdin;
\.


--
-- Data for Name: evaluaciones_plantillaexamen; Type: TABLE DATA; Schema: public; Owner: postgres
--

COPY public.evaluaciones_plantillaexamen (id, titulo, descripcion, tiempo_minutos, fecha_inicio, fecha_fin, mostrar_resultados_inmediatos, es_simulacro_oficial, estado, created_at, updated_at, creado_por_id) FROM stdin;
\.


--
-- Data for Name: evaluaciones_plantillaexamen_programas_destino; Type: TABLE DATA; Schema: public; Owner: postgres
--

COPY public.evaluaciones_plantillaexamen_programas_destino (id, plantillaexamen_id, programaacademico_id) FROM stdin;
\.


--
-- Data for Name: evaluaciones_pregunta; Type: TABLE DATA; Schema: public; Owner: postgres
--

COPY public.evaluaciones_pregunta (id, nivel_dificultad, contexto_texto, contexto_imagen, enunciado, justificacion, limite_palabras, rubrica_evaluacion, estado, created_at, updated_at, categoria_id, competencia_id, modulo_id, version_original_id, lote_id, codigo_latex, imagen_grafica, soporte_multimedia, creado_por_id) FROM stdin;
ba23a8dd-da88-417d-8e4e-7e0f2a6340f1	Medio	\N		¿Cuánto es 2 + 2?	\N	\N	\N	Publicada	2026-04-28 22:09:06.475844-05	2026-04-28 22:11:32.029985-05	6	14	2	\N	\N	\N		NINGUNO	\N
\.


--
-- Data for Name: evaluaciones_reglaexamen; Type: TABLE DATA; Schema: public; Owner: postgres
--

COPY public.evaluaciones_reglaexamen (id, cantidad_preguntas, nivel_dificultad, categoria_id, examen_id, modulo_id) FROM stdin;
\.


--
-- Data for Name: evaluaciones_respuestaestudiante; Type: TABLE DATA; Schema: public; Owner: postgres
--

COPY public.evaluaciones_respuestaestudiante (id, texto_respuesta_abierta, marcada_para_revision, puntaje_calificado, fecha_respuesta, intento_id, opcion_seleccionada_id, pregunta_id, evaluador_id) FROM stdin;
\.


--
-- Data for Name: users_notificacion; Type: TABLE DATA; Schema: public; Owner: postgres
--

COPY public.users_notificacion (id, tipo, mensaje, leida, created_at, usuario_id) FROM stdin;
0be10a1b-b837-4351-823e-6ee0b0f76208	NOTIFICACION_NUEVA	Tienes un nuevo simulacro asignado	f	2026-04-28 22:13:52.600403-05	f9e2f4ae-1070-49e3-bfd9-4770d1bf82e5
2ffc3ef3-4940-4cff-be74-de59b9172775	NOTIFICACION_NUEVA	Tienes un nuevo simulacro asignado	f	2026-04-28 22:13:52.600413-05	7b3b73a0-35b2-406f-a30d-4070559d645e
ed319ceb-4869-4a96-abbc-621f98ca3da6	NOTIFICACION_NUEVA	Tienes un nuevo simulacro asignado	f	2026-04-28 22:13:52.600417-05	6f2ca544-03a5-49a1-abe0-83fcf26e0afe
3c205475-580f-4c45-97b0-5d8fd8627e2d	NOTIFICACION_NUEVA	Tienes un nuevo simulacro asignado	f	2026-04-28 22:13:52.600419-05	bc9e3aea-f930-4a99-800c-a5de70acf029
3913b724-a666-413a-bf12-63858cb67ace	NOTIFICACION_NUEVA	Tienes un nuevo simulacro asignado	f	2026-04-28 22:13:52.600421-05	c5ab53c6-3741-4309-9ad5-aff5ca593bff
3986c1ce-5fcc-446f-94a2-94f4052ba9bc	NOTIFICACION_NUEVA	Tienes un nuevo simulacro asignado	f	2026-04-28 22:13:52.600423-05	7edd1ebc-15a9-45f3-8284-6f08f9a8f2fb
7a31306f-79fe-491f-8e0f-884ae3c85cbc	NOTIFICACION_NUEVA	Tienes un nuevo simulacro asignado	f	2026-04-28 22:13:52.600426-05	1a666bed-558c-4ab3-98ef-9f875bf927ad
c3ca3586-d6ce-4db1-b35c-fe641dfedd84	NOTIFICACION_NUEVA	Tienes un nuevo simulacro asignado	f	2026-04-28 22:13:52.600428-05	6b1b8e5f-0e3c-4324-87ab-c4e6d1ef6f75
ee2f2f68-c825-4cc0-9717-a65f7432f0ce	NOTIFICACION_NUEVA	Tienes un nuevo simulacro asignado	f	2026-04-28 22:13:52.60043-05	c8442a84-23e3-4ad2-8cd9-bb4aa0164aa9
5ae5d1f0-bc7f-48cd-8bff-d27b96a81051	NOTIFICACION_NUEVA	Tienes un nuevo simulacro asignado	f	2026-04-28 22:13:52.600432-05	e036e9b2-1c39-4fce-aa38-3acbb3100258
46881518-f87a-492a-9377-3c1a5d5ec91a	NOTIFICACION_NUEVA	Tienes un nuevo simulacro asignado	f	2026-04-28 22:13:52.600434-05	830ae228-a0ed-4313-92a4-4220afb25d1c
39ee8700-f502-411c-98cb-979b2e4c19b8	NOTIFICACION_NUEVA	Tienes un nuevo simulacro asignado	f	2026-04-28 22:13:52.600436-05	41a6de33-9d3d-490d-9fd2-8180d340e645
ef31fd9c-7afa-4292-9cd1-7ea64ef62e2d	NOTIFICACION_NUEVA	Tienes un nuevo simulacro asignado	f	2026-04-28 22:13:52.600438-05	81a31a31-35a0-4949-8ea4-f6eafb6105b6
be83868a-a7e1-41fb-be03-abfa75968318	NOTIFICACION_NUEVA	Tienes un nuevo simulacro asignado	f	2026-04-28 22:13:52.600439-05	56a395ed-cd47-4b6e-bda4-5ebf500bf98a
0dca5ada-34c3-4bbc-9cc1-3a9ccc132b40	NOTIFICACION_NUEVA	Tienes un nuevo simulacro asignado	f	2026-04-28 22:13:52.600442-05	88457f87-fc82-4029-a668-b3d2377f47bc
acd5c705-893f-4d50-9eab-63e4205b5052	NOTIFICACION_NUEVA	Tienes un nuevo simulacro asignado	f	2026-04-28 22:13:52.600444-05	68b9dffd-507b-464d-9f51-7197185dba16
79f5d700-4d85-4378-b44e-56a81af4ebb3	NOTIFICACION_NUEVA	Tienes un nuevo simulacro asignado	f	2026-04-28 22:13:52.600446-05	d8d7b33f-076b-47c1-b9fc-1c1ac3d8ee4d
ab9e1e5b-0d3d-46c0-8716-1157b2eba4af	NOTIFICACION_NUEVA	Tienes un nuevo simulacro asignado	f	2026-04-28 22:13:52.600448-05	81398309-d1db-4b98-be02-f08509f9071b
0d219ddb-6bf1-41df-80db-78f8456bbd2d	NOTIFICACION_NUEVA	Tienes un nuevo simulacro asignado	f	2026-04-28 22:13:52.60045-05	3e5a3fa2-2a3c-49cf-acc1-74baa9194ab7
159d330b-f0f4-4bed-b12d-7749b2806d1d	NOTIFICACION_NUEVA	Tienes un nuevo simulacro asignado	f	2026-04-28 22:13:52.600452-05	3470d880-c732-488e-9475-244648e6da5a
9869b55a-86d0-4b2a-8792-f952298e258d	NOTIFICACION_NUEVA	Tienes un nuevo simulacro asignado	f	2026-04-28 22:13:52.600454-05	a5366a34-ecb8-4bfc-8046-4b3607572f4c
b6010c38-7c23-4ba3-b935-4efa016149bf	NOTIFICACION_NUEVA	Tienes un nuevo simulacro asignado	f	2026-04-28 22:13:52.600456-05	7f7532e6-93a7-418f-ae9f-675e27e514d8
a5fff459-75ca-4eb4-b7bf-09f1e1ee5a97	NOTIFICACION_NUEVA	Tienes un nuevo simulacro asignado	f	2026-04-28 22:13:52.600458-05	a71ef0df-951e-4657-8ac6-a2ae791e3911
b1326bbe-cd27-483c-8be5-5854847b37ad	NOTIFICACION_NUEVA	Tienes un nuevo simulacro asignado	f	2026-04-28 22:13:52.60046-05	e737213f-653e-4624-9a82-0e4f3230571f
1e0750c7-fdd9-4e07-9188-cdc4007df870	NOTIFICACION_NUEVA	Tienes un nuevo simulacro asignado	f	2026-04-28 22:13:52.600462-05	c5fab35e-8a2d-4368-a58a-b5e997cfde8a
bd9ea6dc-6f4c-4f84-81bc-24b431c7fb04	NOTIFICACION_NUEVA	Tienes un nuevo simulacro asignado	f	2026-04-28 22:13:52.600463-05	f2610760-9e83-4b40-bbc2-8c4514234212
3c68d108-8503-4d50-a1c4-52585393431c	NOTIFICACION_NUEVA	Tienes un nuevo simulacro asignado	f	2026-04-28 22:13:52.600465-05	efce510e-7bdc-4d9a-8d80-168e2a4a0aea
1cb626a3-d0cb-425f-b4c7-574ebb4711a3	NOTIFICACION_NUEVA	Tienes un nuevo simulacro asignado	f	2026-04-28 22:13:52.600467-05	21dbdae4-324c-45f1-9326-89b78daddfbd
b40bcc3f-50cc-4e16-b91f-2ef187487b11	NOTIFICACION_NUEVA	Tienes un nuevo simulacro asignado	f	2026-04-28 22:13:52.600469-05	9c5b3ce9-489d-4a9e-86a3-540c1e47c0f0
33f50af7-6a1c-4963-bf06-d60d9234f146	NOTIFICACION_NUEVA	Tienes un nuevo simulacro asignado	f	2026-04-28 22:13:52.600471-05	7971e2e6-1940-4082-84bf-04905d23b12b
21cd8cd3-ed88-4ed1-bead-de6835ca3db1	NOTIFICACION_NUEVA	Tienes un nuevo simulacro asignado	f	2026-04-28 22:13:52.600473-05	e243da18-c373-4fe4-bd99-e8ad59c76ff7
f642b487-3a03-4e00-9b8d-306e53f35bf0	NOTIFICACION_NUEVA	Tienes un nuevo simulacro asignado	f	2026-04-28 22:13:52.600475-05	8d5f56cc-d6a0-4c2c-9e89-167f875229f6
d4a7ad5d-eaf0-4e35-b45f-3b9123497f92	NOTIFICACION_NUEVA	Tienes un nuevo simulacro asignado	f	2026-04-28 22:13:52.600477-05	5e442b36-daed-463f-9da9-076c23fe8801
12ca8f6a-fa67-4bef-b4be-0676749e35d0	NOTIFICACION_NUEVA	Tienes un nuevo simulacro asignado	f	2026-04-28 22:13:52.600479-05	fff7da56-db2e-43af-a9de-8e95b6f80a07
17e89d5a-48b8-468a-825a-2a98726c77c5	NOTIFICACION_NUEVA	Tienes un nuevo simulacro asignado	f	2026-04-28 22:13:52.600481-05	a706a6b7-7e8a-4141-9aac-318147585daf
3653f5a2-56db-4842-87e8-441aa1e001bf	NOTIFICACION_NUEVA	Tienes un nuevo simulacro asignado	f	2026-04-28 22:13:52.600483-05	d48650ba-1277-453d-8cc2-1a9cef83d2f5
0bf70fb3-873d-42e6-80aa-e31f47b88438	NOTIFICACION_NUEVA	Tienes un nuevo simulacro asignado	f	2026-04-28 22:13:52.600485-05	1beef239-9d81-440f-baad-0edc60e1e6a5
39d7b411-7775-44f4-a0f6-4a8cfea29bd5	NOTIFICACION_NUEVA	Tienes un nuevo simulacro asignado	f	2026-04-28 22:13:52.600487-05	fbf7fafb-e8f8-4037-b219-daf93a561754
95882feb-4293-4748-aeee-fc7a7d577a2e	NOTIFICACION_NUEVA	Tienes un nuevo simulacro asignado	f	2026-04-28 22:13:52.60049-05	20dd35f2-1414-4c11-9a17-d935dbcbc50e
290d706c-fbca-4a9c-9d03-8fe62bc04d6b	NOTIFICACION_NUEVA	Tienes un nuevo simulacro asignado	f	2026-04-28 22:13:52.600492-05	cfdb8288-fcaf-4176-ae07-8a615c32d078
5e2f9e8e-9f8b-49a6-aacd-42e9fce53834	NOTIFICACION_NUEVA	Tienes un nuevo simulacro asignado	f	2026-04-28 22:13:52.600493-05	da11229b-1b1c-4369-bced-74a5b6022791
9ad54e4d-7557-44a9-ae7a-e8cc2cf8ba98	NOTIFICACION_NUEVA	Tienes un nuevo simulacro asignado	f	2026-04-28 22:13:52.600495-05	c904d034-9a87-47e5-9c4b-2a79cbbc55cb
204808c1-cb2b-415b-8289-e7a01d80837a	NOTIFICACION_NUEVA	Tienes un nuevo simulacro asignado	f	2026-04-28 22:13:52.600496-05	84f2cb59-c78a-421d-9fc6-b63431636b50
fe070e40-54ea-400f-ad80-b65c7364f50e	NOTIFICACION_NUEVA	Tienes un nuevo simulacro asignado	f	2026-04-28 22:13:52.600498-05	acd1715b-952f-4a9b-af76-44f7f4a5236e
1787a6b8-76d7-4915-bf5b-0e5b04a5fbe6	NOTIFICACION_NUEVA	Tienes un nuevo simulacro asignado	f	2026-04-28 22:13:52.600499-05	007da60d-c0d2-4d51-95ed-d8f863eaa3af
994ed21f-37fd-41fe-9c2b-932ca0b9a3c7	NOTIFICACION_NUEVA	Tienes un nuevo simulacro asignado	f	2026-04-28 22:13:52.600501-05	6652f4ed-3438-4479-80b9-2e6082f796d8
dbf171fa-2f69-43a9-af7d-0bb0dae8f517	NOTIFICACION_NUEVA	Tienes un nuevo simulacro asignado	f	2026-04-28 22:13:52.600503-05	73410b15-dc0b-46d0-8b0d-d8b67a753023
efaa0e76-38c5-4899-9f2f-bba45ee0a978	NOTIFICACION_NUEVA	Tienes un nuevo simulacro asignado	f	2026-04-28 22:13:52.600505-05	04b58cad-9691-4748-a5d7-b293d79bad49
7194fe07-6214-42d9-ae9e-5675b613cb2e	NOTIFICACION_NUEVA	Tienes un nuevo simulacro asignado	f	2026-04-28 22:13:52.600507-05	65f60ee6-2b98-47d0-83a3-7dfa8cf94d55
6d1d7475-e1d7-4b94-901c-27aafa0cd836	NOTIFICACION_NUEVA	Tienes un nuevo simulacro asignado	f	2026-04-28 22:13:52.600508-05	136287b1-1457-428f-9d05-eaa09da13967
470d7acb-ed67-4f30-acaf-750465d537ef	NOTIFICACION_NUEVA	Tienes un nuevo simulacro asignado	f	2026-04-28 22:13:52.60051-05	0a76bdd4-5415-4ddb-9185-7ae25c040942
5ae25629-cd43-4a77-ac44-fb975e5148d2	NOTIFICACION_NUEVA	Tienes un nuevo simulacro asignado	f	2026-04-28 22:13:52.600512-05	fc6cb460-be73-419b-a712-7bc1bc5e8036
cf0c4ce8-3246-42fc-8b95-e67f240bef2a	NOTIFICACION_NUEVA	Tienes un nuevo simulacro asignado	f	2026-04-28 22:13:52.600513-05	8c2e6d71-9d8d-4381-b8a6-cf33e4f8309d
36f62054-2084-44c9-bd28-f6a7d7fa4df8	NOTIFICACION_NUEVA	Tienes un nuevo simulacro asignado	f	2026-04-28 22:13:52.600515-05	1c9eb399-d815-4540-8538-271e9413b6a1
21043941-0381-458b-a249-cf5072e35d01	NOTIFICACION_NUEVA	Tienes un nuevo simulacro asignado	f	2026-04-28 22:13:52.600516-05	bd1d1ff5-15ac-4366-99d9-290d7ceab937
044c7726-7efa-46d7-a9ae-9b95ace811e9	NOTIFICACION_NUEVA	Tienes un nuevo simulacro asignado	f	2026-04-28 22:13:52.600518-05	0bc7624f-577c-487e-8587-dd2a8fe7dab6
655ebdfd-97a4-4c00-93ea-4ddf46888702	NOTIFICACION_NUEVA	Tienes un nuevo simulacro asignado	f	2026-04-28 22:13:52.600519-05	3f87e4ec-fd96-4747-8f9e-af18b5cd766d
96d50d0a-9d7b-4f02-a340-4530a2e60be5	NOTIFICACION_NUEVA	Tienes un nuevo simulacro asignado	f	2026-04-28 22:13:52.600521-05	1bbee70f-d235-4136-9743-9e906943085d
0e6a0400-ce0e-4f44-9221-34cfd48fbbe7	NOTIFICACION_NUEVA	Tienes un nuevo simulacro asignado	f	2026-04-28 22:13:52.600522-05	bec70c99-1417-47e6-aa77-f38e56f5ac17
ffe3e662-7da9-490e-b6c5-ac94dd112d81	NOTIFICACION_NUEVA	Tienes un nuevo simulacro asignado	f	2026-04-28 22:13:52.600524-05	f6ef7bf0-f8ae-4e1f-b438-c689325136ec
88de773f-a226-4e54-ac1f-978f2ba19245	NOTIFICACION_NUEVA	Tienes un nuevo simulacro asignado	f	2026-04-28 22:13:52.600526-05	c83e3552-1d87-4871-8b9d-014a490b6a6c
456e832c-504a-4c6c-a914-7248b8e4a881	NOTIFICACION_NUEVA	Tienes un nuevo simulacro asignado	f	2026-04-28 22:13:52.600527-05	1e087052-43fb-45df-8533-1d4b79e24c48
0c6152f3-c16b-4732-a607-ae417dd93b59	NOTIFICACION_NUEVA	Tienes un nuevo simulacro asignado	f	2026-04-28 22:13:52.600529-05	6d37b0e8-c76a-4cac-9824-090b62881392
df26001a-e3f4-4f99-9ecc-7f789ca75341	NOTIFICACION_NUEVA	Tienes un nuevo simulacro asignado	f	2026-04-28 22:13:52.60053-05	e6c6a547-1acc-407f-91fd-c5bbc3a44b0d
7f43ebe4-fcf7-40dd-96d6-31eb1bd38e13	NOTIFICACION_NUEVA	Tienes un nuevo simulacro asignado	f	2026-04-28 22:13:52.600532-05	3c204906-9bf7-4637-a780-fda93cfc088f
0c83cf0e-abb4-40c7-8eda-3810380a4d59	NOTIFICACION_NUEVA	Tienes un nuevo simulacro asignado	f	2026-04-28 22:13:52.600533-05	567c3ab1-6d53-4c69-970d-3521612e183f
458c75b9-cb80-4472-bd14-4bc10015ac57	NOTIFICACION_NUEVA	Tienes un nuevo simulacro asignado	f	2026-04-28 22:13:52.600535-05	fb1bf663-d7f4-4d8e-a988-39f535f91195
47a44ed2-3cb5-4fb1-b513-3ab8d40f2030	NOTIFICACION_NUEVA	Tienes un nuevo simulacro asignado	f	2026-04-28 22:13:52.600537-05	3a13f6bc-595c-49dc-8418-a098e33a5d79
2c5943a2-0f78-4d39-9e92-fbdb824c0fb4	NOTIFICACION_NUEVA	Tienes un nuevo simulacro asignado	f	2026-04-28 22:13:52.600538-05	95807501-1470-4b3d-bf2a-c596241d33f2
456441b6-7953-4932-bab6-d1c2db39a2af	NOTIFICACION_NUEVA	Tienes un nuevo simulacro asignado	f	2026-04-28 22:13:52.60054-05	a230eb4a-c5e2-4a67-8efd-9b5ada9a66c7
6dc02cee-c174-48a0-bb4a-5f062f209ec8	NOTIFICACION_NUEVA	Tienes un nuevo simulacro asignado	f	2026-04-28 22:13:52.600541-05	7255432a-b4e0-467e-8b7a-d347f608a707
b3995aee-ef88-4c7a-8b63-8721b9440d16	NOTIFICACION_NUEVA	Tienes un nuevo simulacro asignado	f	2026-04-28 22:13:52.600542-05	3c31dba5-3f5a-4d68-bab4-462cd6c2ffad
a23256eb-17eb-4a55-b2a9-deeaec9fd0cf	NOTIFICACION_NUEVA	Tienes un nuevo simulacro asignado	f	2026-04-28 22:13:52.600544-05	92832b73-abe2-4b51-8f0b-b3b13b9a4244
8a6222aa-0d46-4f32-a283-0d9f358c4c54	NOTIFICACION_NUEVA	Tienes un nuevo simulacro asignado	f	2026-04-28 22:13:52.600545-05	e57a34cb-2973-4b98-b24d-35d5b7129460
031b928b-d175-447e-97e6-7527e56cf08e	NOTIFICACION_NUEVA	Tienes un nuevo simulacro asignado	f	2026-04-28 22:13:52.600547-05	07eff6d5-f0bb-4fe6-8962-4f16e6b7746a
c4d8b36f-5045-4cf3-9a26-aa2c19b692e4	NOTIFICACION_NUEVA	Tienes un nuevo simulacro asignado	f	2026-04-28 22:13:52.600548-05	8377729a-2195-4db7-9e94-544048d1ea2e
45a68995-e27f-4b71-8256-fc95f008dc69	NOTIFICACION_NUEVA	Tienes un nuevo simulacro asignado	f	2026-04-28 22:13:52.60055-05	e9464f13-6afd-4b10-bd94-33cf3c47b7c4
ed236168-7728-43a6-a257-69fd8e94fa8c	NOTIFICACION_NUEVA	Tienes un nuevo simulacro asignado	f	2026-04-28 22:13:52.600552-05	a2a88c7c-9ea9-4d1e-b57c-d58ff885aeb8
47d309a9-b021-40c2-86c1-60e1a3e8149b	NOTIFICACION_NUEVA	Tienes un nuevo simulacro asignado	f	2026-04-28 22:13:52.600553-05	aa8d7113-4d90-4008-a72e-42924944cd91
d763a0f0-c420-40f4-a34e-e9d555741ea4	NOTIFICACION_NUEVA	Tienes un nuevo simulacro asignado	f	2026-04-28 22:13:52.600555-05	95e285e2-ce47-4899-8352-1599419d45d7
98a9c77a-69b5-4b41-80f8-d8de20086bc4	NOTIFICACION_NUEVA	Tienes un nuevo simulacro asignado	f	2026-04-28 22:13:52.600556-05	73e54702-a74d-4584-a2d8-0378e6dd379c
bdbd7ea9-2a96-4312-a7d8-88397da761c6	NOTIFICACION_NUEVA	Tienes un nuevo simulacro asignado	f	2026-04-28 22:13:52.600558-05	ce636a3f-5a4a-4abe-baeb-1340cb21ed63
42bf9041-c266-4ac2-8fae-1eea5be5fd6d	NOTIFICACION_NUEVA	Tienes un nuevo simulacro asignado	f	2026-04-28 22:13:52.600559-05	f4c9112b-dfae-4056-a686-d0fa8de79096
06bd8835-8b80-4d2f-8d27-7e46a17ecf5b	NOTIFICACION_NUEVA	Tienes un nuevo simulacro asignado	f	2026-04-28 22:13:52.600561-05	3ee4bb1d-4f4c-42af-b176-02ae92fef605
72cf3bda-c4c4-4efa-8a90-c085cb991d71	NOTIFICACION_NUEVA	Tienes un nuevo simulacro asignado	f	2026-04-28 22:13:52.600562-05	61c49b9d-5060-44b0-ac79-ccfec9f4e515
b53dfa79-0ab8-4880-9dce-b9ede4dd0272	NOTIFICACION_NUEVA	Tienes un nuevo simulacro asignado	f	2026-04-28 22:13:52.600564-05	42f855cd-ca3e-43b2-9afe-f976d6d03f72
6add2c32-a1c5-4681-81ea-583052ecf463	NOTIFICACION_NUEVA	Tienes un nuevo simulacro asignado	f	2026-04-28 22:13:52.600565-05	70e19a20-1168-4e11-94bc-e345d00a0954
bf2366cc-25f6-4456-b70d-416464dc297e	NOTIFICACION_NUEVA	Tienes un nuevo simulacro asignado	f	2026-04-28 22:13:52.600567-05	1a91dd5e-5fb5-4b07-a211-7cbebf694f9d
e8025be4-ef24-4b53-8583-53e3f9ac3ab7	NOTIFICACION_NUEVA	Tienes un nuevo simulacro asignado	f	2026-04-28 22:13:52.600568-05	cc3f657d-5e44-41cc-9e87-e1797b2b8d51
4fa58459-c0e1-4e0b-9a15-14847ebbbd6a	NOTIFICACION_NUEVA	Tienes un nuevo simulacro asignado	f	2026-04-28 22:13:52.60057-05	b22ef55f-f300-46b8-9664-b0ac17904323
9106918b-f354-4f94-98c4-4fff8b5140d1	NOTIFICACION_NUEVA	Tienes un nuevo simulacro asignado	f	2026-04-28 22:13:52.600571-05	59a9ac6a-c618-4e5a-8f1e-7aecb660b2aa
3879dfc6-8da4-43dd-bdfa-aab1fae46841	NOTIFICACION_NUEVA	Tienes un nuevo simulacro asignado	f	2026-04-28 22:13:52.600573-05	4742691e-005b-4851-9393-1aa96a482f8b
b54b417a-1248-4276-bcbf-9398d849cfb1	NOTIFICACION_NUEVA	Tienes un nuevo simulacro asignado	f	2026-04-28 22:13:52.600574-05	2555b9a6-b2d5-4475-b735-9bcc6a073c82
bb26c3c2-2084-4017-9885-b4c1d32bd240	NOTIFICACION_NUEVA	Tienes un nuevo simulacro asignado	f	2026-04-28 22:13:52.600576-05	b2c00151-7832-4a46-b0dd-637f5f7882c6
18039dcd-e316-4aea-9daa-dd00a1da0d3e	NOTIFICACION_NUEVA	Tienes un nuevo simulacro asignado	f	2026-04-28 22:13:52.600577-05	926792b3-3313-477d-878c-e6e839f11f78
4d94dc93-3728-4d0e-b402-6ae8a964c46a	NOTIFICACION_NUEVA	Tienes un nuevo simulacro asignado	f	2026-04-28 22:13:52.600579-05	7d965bb6-7475-4950-8afd-a63d9397ccc7
caceb746-d23f-408c-b946-58e199ec20e4	NOTIFICACION_NUEVA	Tienes un nuevo simulacro asignado	f	2026-04-28 22:13:52.60058-05	3a2495d0-cecc-45bf-848a-5dc265a5cb02
c7370820-0dff-4bdf-b9a5-8217c636afb1	NOTIFICACION_NUEVA	Tienes un nuevo simulacro asignado	f	2026-04-28 22:13:52.600582-05	8cc8512d-709d-4e3f-bf38-0853b33c5047
ff2a933c-471f-46b4-88bb-3ea8fe8e14f8	NOTIFICACION_NUEVA	Tienes un nuevo simulacro asignado	f	2026-04-28 22:13:52.600583-05	750af678-70ee-4aed-ae52-5743f2c3bae2
7470403e-3c77-4073-b37c-566a110d0d27	NOTIFICACION_NUEVA	Tienes un nuevo simulacro asignado	f	2026-04-28 22:13:52.600585-05	da34970e-7bb3-496f-9bf1-f30d5182c4cf
\.


--
-- Data for Name: users_programaacademico; Type: TABLE DATA; Schema: public; Owner: postgres
--

COPY public.users_programaacademico (id, codigo_snies, nombre, facultad, sede) FROM stdin;
1	1075295910	LICENCIATURA EN MATEMATICAS	Sin definir	Principal
2	1109420277	INGENIERIA DE SOFTWARE	Sin definir	Principal
\.


--
-- Data for Name: users_usuario; Type: TABLE DATA; Schema: public; Owner: postgres
--

COPY public.users_usuario (password, last_login, is_superuser, id, documento, tipo_documento, codigo_estudiante, nombres, apellidos, correo_institucional, genero, es_primer_ingreso, is_active, is_staff, programa_id, rol, semestre_actual) FROM stdin;
pbkdf2_sha256$1200000$orY3DSF3wR6xWgAeE4IIs7$pD2Q+EFASQ+N8mqgEh2CM6G2y6HTPKjO871nSSkLP+A=	\N	f	fdef070b-12ae-4bf7-a98c-376a64057251	1003809149	CC	\N	GAONA	GAONA	gaona@usco.edu.co	M	f	t	f	1	ESTUDIANTE	10
pbkdf2_sha256$1200000$QDTZd7QU6b8Y5esWJw9PCK$N8Bu8DVbbMkjlaJHsIADIpK4CsI9gvIu6bWto+QQM8c=	\N	f	49c22793-0afd-41b8-ae58-9a2b14c50a86	1109420266	CC	\N	PROFE	PRUEBA	profe.pruebas@usco.edu.co	M	f	t	t	2	PROFESOR	\N
pbkdf2_sha256$1200000$DOZoqIhpyy9lHWMCLl2KKz$ZqsxiHat6wxs+Bj7qPNSECWZO1NJ2ADI2CGQ2s7LkSc=	\N	f	07eff6d5-f0bb-4fe6-8962-4f16e6b7746a	1234567926	CC	\N	JUAN	TESUNO	test37@usco.edu.co	M	f	t	f	1	ESTUDIANTE	7
pbkdf2_sha256$1200000$LJ9o0vFtRDh09XSA4gDOVV$ety29Wsp2X0L3IMcTxalbQjSK1t+3/QL2NAn1lIplFo=	\N	f	4742691e-005b-4851-9393-1aa96a482f8b	1234567927	CC	\N	LOLA	TESTDOS	test38@usco.edu.co	F	f	t	f	1	ESTUDIANTE	8
pbkdf2_sha256$1200000$biulUT0guHyAMKQkRpG5JQ$efdrKvcDDV1EhYzXVHv7EROsdkKCj1X7MCTatVOCYik=	\N	f	e243da18-c373-4fe4-bd99-e8ad59c76ff7	1234567928	CC	\N	JUAN	TESUNO	test39@usco.edu.co	M	f	t	f	1	ESTUDIANTE	9
pbkdf2_sha256$1200000$QwTfoG9Bt4ktaomo3c1GJW$WgYtdlbJBi61WLLWNGf/8KufjVxzwET+sZKKvNMgUVA=	\N	f	95e285e2-ce47-4899-8352-1599419d45d7	1234567929	CC	\N	LOLA	TESTDOS	test40@usco.edu.co	F	f	t	f	1	ESTUDIANTE	10
pbkdf2_sha256$1200000$fqCsHlvxaP0xxl4k8oIEWh$eSxXcTwBgbMpnMvPX8Mgg/ydFU38D2WVwn4dnzLH5JY=	\N	f	6f2ca544-03a5-49a1-abe0-83fcf26e0afe	1234567930	CC	\N	JUAN	TESUNO	test41@usco.edu.co	M	f	t	f	1	ESTUDIANTE	1
pbkdf2_sha256$1200000$eoU0lnde6mBd8e1J1JrSpZ$VTok1cLdDapoxG8emlmuaQNJ9uIiagktJH5dEAqaxCM=	\N	f	830ae228-a0ed-4313-92a4-4220afb25d1c	1234567931	CC	\N	LOLA	TESTDOS	test42@usco.edu.co	F	f	t	f	1	ESTUDIANTE	2
pbkdf2_sha256$1200000$8lr1sC6lUYt5621mmEttxD$GmbxZcV9TVSrUtuWVPM1xpgdSzPTsYbY+mBZ9iu7reU=	\N	f	a706a6b7-7e8a-4141-9aac-318147585daf	1234567955	CC	\N	LOLA	TESTDOS	test66@usco.edu.co	F	f	t	f	1	ESTUDIANTE	6
pbkdf2_sha256$1200000$oCZ3s7d5afJR8CFhs8ph7G$lbk0r9RisY51PIaJH7i6HqnyQN3ddPc9OIm0K5k4itg=	\N	f	1e087052-43fb-45df-8533-1d4b79e24c48	1234567956	CC	\N	JUAN	TESUNO	test67@usco.edu.co	M	f	t	f	1	ESTUDIANTE	7
pbkdf2_sha256$1200000$hj8bIcROMNnFFt74UHinom$0MJc4Wqf5fFlIoX+Ttnt06Qxs8s/74UZji/5eD1AciY=	\N	f	7f7532e6-93a7-418f-ae9f-675e27e514d8	1234567963	CC	\N	LOLA	TESTDOS	test74@usco.edu.co	F	f	t	f	1	ESTUDIANTE	4
pbkdf2_sha256$1200000$KplETHo8tIsY6OVu8Oaw1w$BmKH4QL6ejrqtL/Py2OgD8d543kTZ9WrX/pkz1Z59Js=	\N	f	e9464f13-6afd-4b10-bd94-33cf3c47b7c4	1234567964	CC	\N	JUAN	TESUNO	test75@usco.edu.co	M	f	t	f	1	ESTUDIANTE	5
pbkdf2_sha256$1200000$COw2tJtl2PyqcznOEEyzqO$44sO6o9dChVVgeVvvR53QoZp+CRuRXPJvULK/y/aPQA=	\N	f	6652f4ed-3438-4479-80b9-2e6082f796d8	1234567965	CC	\N	LOLA	TESTDOS	test76@usco.edu.co	F	f	t	f	1	ESTUDIANTE	6
pbkdf2_sha256$1200000$lEGCNcEKCqVVZqJXygXzjc$ynwuzV7LUb76gLhpyi4LL/k5KSBFcqHdohBv5t5iMVg=	\N	f	1bbee70f-d235-4136-9743-9e906943085d	1234567966	CC	\N	JUAN	TESUNO	test77@usco.edu.co	M	f	t	f	1	ESTUDIANTE	7
pbkdf2_sha256$1200000$zccn5K1doiWTiTxsn5CXa5$Hhs/x2fWemv7e9kLNoCXrEM57++VsdaqQPfZTChAS0Y=	\N	f	c83e3552-1d87-4871-8b9d-014a490b6a6c	1234567967	CC	\N	LOLA	TESTDOS	test78@usco.edu.co	F	f	t	f	1	ESTUDIANTE	8
pbkdf2_sha256$1200000$iwIzPbxazHJBACe1LqhzcN$T5sf0hHsc5o0hKpuMcDghVmUxd3qYpMviIM4FB8owy0=	\N	f	efce510e-7bdc-4d9a-8d80-168e2a4a0aea	1234567968	CC	\N	JUAN	TESUNO	test79@usco.edu.co	M	f	t	f	1	ESTUDIANTE	9
pbkdf2_sha256$1200000$dz7ukjKv7Hcoc3II830aYn$JJV62FCzuyRLfSYR0578xTIuCWaCWKD4iVR6qejSfWU=	\N	f	f6ef7bf0-f8ae-4e1f-b438-c689325136ec	1234567969	CC	\N	LOLA	TESTDOS	test80@usco.edu.co	F	f	t	f	1	ESTUDIANTE	10
pbkdf2_sha256$1200000$nAoHcweQzP9QwbTzyyDDHb$3VfcyRpMfD9Ndgibn3A+QN7rsydTIq3LMClF81lxWNU=	\N	f	8d5f56cc-d6a0-4c2c-9e89-167f875229f6	1234567970	CC	\N	JUAN	TESUNO	test81@usco.edu.co	M	f	t	f	1	ESTUDIANTE	1
pbkdf2_sha256$1200000$0uTbCX1PgsRZIRbx7UpFgy$6iXyhmUzGD81p9DNn0x0rk3Ev9cqoufBTdR2Echwj7o=	\N	f	88457f87-fc82-4029-a668-b3d2377f47bc	1234567971	CC	\N	LOLA	TESTDOS	test82@usco.edu.co	F	f	t	f	1	ESTUDIANTE	2
pbkdf2_sha256$1200000$YtYWPKdMC5panMg75OZkti$Rq+mQpXVOAFMpQPuKex/fdMvPiFmzOihkuY3KNz5TpA=	\N	f	a5366a34-ecb8-4bfc-8046-4b3607572f4c	1234567972	CC	\N	JUAN	TESUNO	test83@usco.edu.co	M	f	t	f	1	ESTUDIANTE	3
pbkdf2_sha256$1200000$EGstbeU2Get4cavkKLnInu$BAdLKiTZFibLB31M29XfiVHtBseNZX9vlVaDUcz30HA=	\N	f	7b3b73a0-35b2-406f-a30d-4070559d645e	1234567973	CC	\N	LOLA	TESTDOS	test84@usco.edu.co	F	f	t	f	1	ESTUDIANTE	4
pbkdf2_sha256$1200000$dPbwWImcgOMwxVArNZqdyR$Ld/KxxeHtptN56woqkUxp87icR+YShye3xRQ1K9h0ns=	\N	f	fff7da56-db2e-43af-a9de-8e95b6f80a07	1234567974	CC	\N	JUAN	TESUNO	test85@usco.edu.co	M	f	t	f	1	ESTUDIANTE	5
pbkdf2_sha256$1200000$XYis1jK7j2MRkvKePYUByV$Umkdnui/rXt1uXBQEzd/0dcwV1rs3gCfk7LN4KEUtL4=	\N	f	bd1d1ff5-15ac-4366-99d9-290d7ceab937	1234567975	CC	\N	LOLA	TESTDOS	test86@usco.edu.co	F	f	t	f	1	ESTUDIANTE	6
pbkdf2_sha256$1200000$tKb4qCHGuEm0NSJqGUSlcb$NtFan1YbPESRJ/cxUb9pQ5QCd7dzEq2y4DXOCtlOAVI=	\N	f	cfdb8288-fcaf-4176-ae07-8a615c32d078	1234567976	CC	\N	JUAN	TESUNO	test87@usco.edu.co	M	f	t	f	1	ESTUDIANTE	7
pbkdf2_sha256$1200000$utDs3XTpx7L10TsY6TbTo7$//opKnhaxiT1d/jSnqN/o7Iv68FkfrZoHWEFvHEkJto=	\N	f	fb1bf663-d7f4-4d8e-a988-39f535f91195	1234567977	CC	\N	LOLA	TESTDOS	test88@usco.edu.co	F	f	t	f	1	ESTUDIANTE	8
pbkdf2_sha256$1200000$NwF0xP2e7lSNGCZFRUiOCw$bl0w6VDnYOkSmViOLkS4nz9OH3bjnQZU0E3am52Bmnw=	\N	f	2555b9a6-b2d5-4475-b735-9bcc6a073c82	1234567978	CC	\N	JUAN	TESUNO	test89@usco.edu.co	M	f	t	f	1	ESTUDIANTE	9
pbkdf2_sha256$1200000$CTpLtA4Q3C8AcUnfyu3I4M$/HORKzLo/Vj/qOPKR6Z/xGQRN+4TqU3SJHLvFTwds+A=	\N	f	1a666bed-558c-4ab3-98ef-9f875bf927ad	1234567979	CC	\N	LOLA	TESTDOS	test90@usco.edu.co	F	f	t	f	1	ESTUDIANTE	10
pbkdf2_sha256$1200000$whkzLwlARXlfFTAXJkZpmK$lqLyON7o2SfHC/L/CqHB3OotffKL+beVaJztjpIhZ/M=	\N	f	7edd1ebc-15a9-45f3-8284-6f08f9a8f2fb	1234567980	CC	\N	JUAN	TESUNO	test91@usco.edu.co	M	f	t	f	1	ESTUDIANTE	1
pbkdf2_sha256$1200000$7QBRIcHhCJvfifARK3udhV$zw7aFJlCwtWcJ54d/Mh/KASaR58xvar3vjhZJriDtXM=	\N	f	8cc8512d-709d-4e3f-bf38-0853b33c5047	1234567981	CC	\N	LOLA	TESTDOS	test92@usco.edu.co	F	f	t	f	1	ESTUDIANTE	2
pbkdf2_sha256$1200000$gTg9wcQh4hlwCDc4bnNKHB$5ln4shCfrSLYf24IsGHplkRdvW6EvfdXEr8oMK4OIQM=	\N	f	567c3ab1-6d53-4c69-970d-3521612e183f	1234567982	CC	\N	JUAN	TESUNO	test93@usco.edu.co	M	f	t	f	1	ESTUDIANTE	3
pbkdf2_sha256$1200000$ChiUNJFgDIm4BTt8FODAvW$XNdwSwms+XGOqM7FxEfijGAPm2ViFJEm2HBA4zHOFPk=	\N	f	a2a88c7c-9ea9-4d1e-b57c-d58ff885aeb8	1234567983	CC	\N	LOLA	TESTDOS	test94@usco.edu.co	F	f	t	f	1	ESTUDIANTE	4
pbkdf2_sha256$1200000$C6aWvyt1L7lYxLzCy0tLhO$5Xk945EdR096yrUNeTBkYWBxQIz2HfSFKro9uaLZMlg=	\N	f	da34970e-7bb3-496f-9bf1-f30d5182c4cf	1234567984	CC	\N	JUAN	TESUNO	test95@usco.edu.co	M	f	t	f	1	ESTUDIANTE	5
pbkdf2_sha256$1200000$91jeXBPjc9PUf2HgHegmCI$exa+fsDsuVXAPQvpkukQUa9uyCY16Gv4ogLPiRCFpcM=	\N	f	3470d880-c732-488e-9475-244648e6da5a	1234567985	CC	\N	LOLA	TESTDOS	test96@usco.edu.co	F	f	t	f	1	ESTUDIANTE	6
pbkdf2_sha256$1200000$Dz5852om1CG8MI14yw5xvf$iBaTLKCUakB5XfSHdBhU785XlIbT+NPffJWKgj8tlgc=	\N	f	926792b3-3313-477d-878c-e6e839f11f78	1234567986	CC	\N	JUAN	TESUNO	test97@usco.edu.co	M	f	t	f	1	ESTUDIANTE	7
pbkdf2_sha256$1200000$ioYORsq7UwWCmK8oFpfkzO$oBZZzc/WO2AOZs4oowBocslmFhelrCV+HxONR3Xb54U=	\N	f	3e5a3fa2-2a3c-49cf-acc1-74baa9194ab7	1234567987	CC	\N	LOLA	TESTDOS	test98@usco.edu.co	F	f	t	f	1	ESTUDIANTE	8
pbkdf2_sha256$1200000$bd84PxshHfmkuS8miad698$SjqLaRgiD8R3eQtIKr51r6ZtCYBo0KFK5p1amkeMS8U=	\N	f	e036e9b2-1c39-4fce-aa38-3acbb3100258	1234567988	CC	\N	JUAN	TESUNO	test99@usco.edu.co	M	f	t	f	1	ESTUDIANTE	9
pbkdf2_sha256$1200000$GbFJ58A52MPl6eNCyVzji9$gdDpHm0hUN3jT6xr4DdHDazxwxJ2CGBRoqmcNeYfmY0=	\N	f	007da60d-c0d2-4d51-95ed-d8f863eaa3af	1234567989	CC	\N	LOLA	TESTDOS	test100@usco.edu.co	F	f	t	f	1	ESTUDIANTE	10
pbkdf2_sha256$1200000$5uwec82MphSj17cFxqRv3E$E7b2eecsKQvl+euP4BJ8PK/69j+zyR7t1XyPjEuOHPQ=	\N	t	ba8d512e-fba3-40b2-b761-981df820bc5e	1109420277	CC	\N	ADMIN	ADMINDOS	admin2@usco.edu.co	M	f	t	t	2	ADMIN	\N
pbkdf2_sha256$1200000$bDXrWvbqLAHI6VFpuzKhcB$jLoNAhrowaYk6I45ddiAkd0ZosZA7BS9Z2unr+1lOoc=	\N	f	70e19a20-1168-4e11-94bc-e345d00a0954	1234567890	CC	\N	JUAN	TESUNO	test1@usco.edu.co	M	f	t	f	1	ESTUDIANTE	1
pbkdf2_sha256$1200000$T3WcbvBhALJUAMTpoNJ2di$JlkTuuy8c2rwR34WzBtT2M0T/2IT0jCqgS343AJz/ZM=	\N	f	e57a34cb-2973-4b98-b24d-35d5b7129460	1234567891	CC	\N	LOLA	TESTDOS	test2@usco.edu.co	F	f	t	f	1	ESTUDIANTE	2
pbkdf2_sha256$1200000$OftQzxw13HgZgdDxvdHAsJ$w794MiEryAvAeCw9tgjwHcz7RE3feWQu6W75yxuI+co=	\N	t	f5954b42-a5de-4220-935d-2e498e8d96b4	71221187	CC	\N	OSCAR	LONDOÑO	oscar.londono@usco.edu.co	M	f	t	t	1	ADMIN	\N
pbkdf2_sha256$1200000$CzR7LN7gHElycxdQc9CTdh$cnhmkYUU3z8rw9HAPLLaVbyhrFU0wAJyn7mdf1nwlu4=	\N	f	9c5b3ce9-489d-4a9e-86a3-540c1e47c0f0	1234567892	CC	\N	JUAN	TESUNO	test3@usco.edu.co	M	f	t	f	1	ESTUDIANTE	3
pbkdf2_sha256$1200000$7Kee7suk4vfQ4CjK29na7G$fIL9pk94pI6sOxmJgL6POUorIgJCg/cCxJUpxOggPJ4=	\N	f	ce636a3f-5a4a-4abe-baeb-1340cb21ed63	1234567893	CC	\N	LOLA	TESTDOS	test4@usco.edu.co	F	f	t	f	1	ESTUDIANTE	4
pbkdf2_sha256$1200000$yTJ1pVT3iCBP1OobMuJBuv$tawGXEIoKBKK2s6WB1l3iilvUbl0SvJ63WM7FiJ1Jsc=	\N	f	81a31a31-35a0-4949-8ea4-f6eafb6105b6	1234567894	CC	\N	JUAN	TESUNO	test5@usco.edu.co	M	f	t	f	1	ESTUDIANTE	5
pbkdf2_sha256$1200000$9bEXKI9ypckxLl9MbbY4JI$futLcj6dSl8lv2SDIo9yBgwg8FTAlUbmK4tW4qFG5aI=	\N	f	c904d034-9a87-47e5-9c4b-2a79cbbc55cb	1234567895	CC	\N	LOLA	TESTDOS	test6@usco.edu.co	F	f	t	f	1	ESTUDIANTE	6
pbkdf2_sha256$1200000$d08U3DwyaAe3Wrfyg3ga1Z$dgHbqb1SPI+xIVkGZivOV4nBMyi6QtOgugQZzLwWHdM=	\N	f	aa8d7113-4d90-4008-a72e-42924944cd91	1234567896	CC	\N	JUAN	TESUNO	test7@usco.edu.co	M	f	t	f	1	ESTUDIANTE	7
pbkdf2_sha256$1200000$5NXyPi3FaTCVUNxwvn37n9$ci+mwOJ5QGUDfd/P2fqxFsgsUEB0fofwTztxF6yIdVc=	\N	f	3a2495d0-cecc-45bf-848a-5dc265a5cb02	1234567897	CC	\N	LOLA	TESTDOS	test8@usco.edu.co	F	f	t	f	1	ESTUDIANTE	8
pbkdf2_sha256$1200000$vX1kRokPFInDND8NNdilFI$UDAzxLsGaMHpFstgSDCbWtGO70mHty0d+nGrWKjEsRY=	\N	f	3c31dba5-3f5a-4d68-bab4-462cd6c2ffad	1234567898	CC	\N	JUAN	TESUNO	test9@usco.edu.co	M	f	t	f	1	ESTUDIANTE	9
pbkdf2_sha256$1200000$R9vHASKuAeWCpnrZE3YS8N$CbxoJISGp2jjmk7Se2qE42HwsbBVxmG9gbkImkIQa1I=	\N	f	c5fab35e-8a2d-4368-a58a-b5e997cfde8a	1234567899	CC	\N	LOLA	TESTDOS	test10@usco.edu.co	F	f	t	f	1	ESTUDIANTE	10
pbkdf2_sha256$1200000$G68jyPHpaJvZXCFpUkDLJk$Iuph9VPwCqG+jf/d7ypRs3A402lH5Gl+GKuYWGAaI7A=	\N	f	e737213f-653e-4624-9a82-0e4f3230571f	1234567900	CC	\N	JUAN	TESUNO	test11@usco.edu.co	M	f	t	f	1	ESTUDIANTE	1
pbkdf2_sha256$1200000$gN5AjJYAsnHT8eHPAEAuhS$gZCIZyMe0hkpbkmICY2Pjk6S0X9SqXFayg6U08Upg3I=	\N	f	42f855cd-ca3e-43b2-9afe-f976d6d03f72	1234567901	CC	\N	LOLA	TESTDOS	test12@usco.edu.co	F	f	t	f	1	ESTUDIANTE	2
pbkdf2_sha256$1200000$JESQPqeSSEQmc3umxUFqyV$fTz59acp+eMbCHD0yh2bK0D00FyKIpszUTgTvQLjZvA=	\N	f	73410b15-dc0b-46d0-8b0d-d8b67a753023	1234567902	CC	\N	JUAN	TESUNO	test13@usco.edu.co	M	f	t	f	1	ESTUDIANTE	3
pbkdf2_sha256$1200000$V7tHOBTZA6ru0mBl8PsmfR$cEqY5axLBJt5+ucVa5YgB2ESctVNyloIrzvNtM2hL+U=	\N	f	d8d7b33f-076b-47c1-b9fc-1c1ac3d8ee4d	1234567903	CC	\N	LOLA	TESTDOS	test14@usco.edu.co	F	f	t	f	1	ESTUDIANTE	4
pbkdf2_sha256$1200000$pgcEGQr0f0kaMOa27E2Io4$N/wGlA7EzSDehBV+k5SR22r+p+Rg2vrP2CsZW4dJnbg=	\N	f	7255432a-b4e0-467e-8b7a-d347f608a707	1234567904	CC	\N	JUAN	TESUNO	test15@usco.edu.co	M	f	t	f	1	ESTUDIANTE	5
pbkdf2_sha256$1200000$7g9OWkGQWpdwOEw0YNQw0L$jGgsiZzqFzoyzDL8CS85st6cH9Gwq/MVk/0AuOS4twU=	\N	f	bec70c99-1417-47e6-aa77-f38e56f5ac17	1234567905	CC	\N	LOLA	TESTDOS	test16@usco.edu.co	F	f	t	f	1	ESTUDIANTE	6
pbkdf2_sha256$1200000$67oNTjvHKkrqt6JT20xzL1$W0qrvkXq56GRXFP8QUAKqg7bth03wqz5CmzsoqrSOxE=	\N	f	8c2e6d71-9d8d-4381-b8a6-cf33e4f8309d	1234567906	CC	\N	JUAN	TESUNO	test17@usco.edu.co	M	f	t	f	1	ESTUDIANTE	7
pbkdf2_sha256$1200000$EmsjGYjOE8mg8BL4OyOwRX$2B3RoV+z/bKQ0MjHri+Wo5DWZ/oPVKRAwdxcyzP5lQE=	\N	f	6d37b0e8-c76a-4cac-9824-090b62881392	1234567907	CC	\N	LOLA	TESTDOS	test18@usco.edu.co	F	f	t	f	1	ESTUDIANTE	8
pbkdf2_sha256$1200000$2b83gesHcXr2bDXCAWmkyT$PwTrO+n7pICLDD/KFy2Lpng8SrtjxkuK4Fqp6h5HRXg=	\N	f	b22ef55f-f300-46b8-9664-b0ac17904323	1234567908	CC	\N	JUAN	TESUNO	test19@usco.edu.co	M	f	t	f	1	ESTUDIANTE	9
pbkdf2_sha256$1200000$YsM1MmJ9Na66SgYWIyqIAN$kaDJG3UPOQoJTfjdsxRY9qVhUcTTHtCpm4pI5a8bk4I=	\N	f	5e442b36-daed-463f-9da9-076c23fe8801	1234567909	CC	\N	LOLA	TESTDOS	test20@usco.edu.co	F	f	t	f	1	ESTUDIANTE	10
pbkdf2_sha256$1200000$4P6v067K4EbK6M7tV94BVc$qhD6MdUwr4NnA7t8cb+bFCvDRrr5yXqXwGLS9Q+rfcQ=	\N	f	61c49b9d-5060-44b0-ac79-ccfec9f4e515	1234567910	CC	\N	JUAN	TESUNO	test21@usco.edu.co	M	f	t	f	1	ESTUDIANTE	1
pbkdf2_sha256$1200000$Mu1HSW3r9bfknU7CJylhqv$G45jfS7FoVuLN61PXsJ0HE/LcSkSdQldw+F9SQftZQU=	\N	f	f9e2f4ae-1070-49e3-bfd9-4770d1bf82e5	1234567911	CC	\N	LOLA	TESTDOS	test22@usco.edu.co	F	f	t	f	1	ESTUDIANTE	2
pbkdf2_sha256$1200000$F9GJofxT95auZGODtqsIgC$nAiTfj9G83MjTvIHOKfOqkmUFggCtzR4+3nrM37/BpE=	\N	f	3a13f6bc-595c-49dc-8418-a098e33a5d79	1234567912	CC	\N	JUAN	TESUNO	test23@usco.edu.co	M	f	t	f	1	ESTUDIANTE	3
pbkdf2_sha256$1200000$24xaQ4RTbegxlrIOApMa3C$BQqzGQRIESBSM6wakiWR0Fg39r/tbkhkA85nVHYZesM=	\N	f	1c9eb399-d815-4540-8538-271e9413b6a1	1234567913	CC	\N	LOLA	TESTDOS	test24@usco.edu.co	F	f	t	f	1	ESTUDIANTE	4
pbkdf2_sha256$1200000$9nC0L2GgRU5Umm5hIxMDL3$0rplesz4o/uG3aj/RQtZbL/MjCmcClNqrg4oEMSsqb8=	\N	f	20dd35f2-1414-4c11-9a17-d935dbcbc50e	1234567914	CC	\N	JUAN	TESUNO	test25@usco.edu.co	M	f	t	f	1	ESTUDIANTE	5
pbkdf2_sha256$1200000$SVBr8lvMXjEIhhqDKYA473$26Q+/JIZRJD0QkD7d1XeRIUcLY+BPrYMorvSg+MvNpY=	\N	f	3f87e4ec-fd96-4747-8f9e-af18b5cd766d	1234567915	CC	\N	LOLA	TESTDOS	test26@usco.edu.co	F	f	t	f	1	ESTUDIANTE	6
pbkdf2_sha256$1200000$J7N3jN8ZiLMWkKYVTVSToV$BRigUOSJ5O6A+7G+YpixSaFbCboe5bri6ZW6mjeHekw=	\N	f	68b9dffd-507b-464d-9f51-7197185dba16	1234567916	CC	\N	JUAN	TESUNO	test27@usco.edu.co	M	f	t	f	1	ESTUDIANTE	7
pbkdf2_sha256$1200000$mpmFPA4BiveVQYhhIcDzFc$Ffeqc0Szm9V88VHZ1xvEgrtYsfxOUy0WCsrEg4zIJgU=	\N	f	c5ab53c6-3741-4309-9ad5-aff5ca593bff	1234567917	CC	\N	LOLA	TESTDOS	test28@usco.edu.co	F	f	t	f	1	ESTUDIANTE	8
pbkdf2_sha256$1200000$FVPEK999ctEtPM8xKaPtaR$VVF4BsLpc/iMOqvg+c7dX8Tba09RmQqyrncCgGXHv8Y=	\N	f	fc6cb460-be73-419b-a712-7bc1bc5e8036	1234567918	CC	\N	JUAN	TESUNO	test29@usco.edu.co	M	f	t	f	1	ESTUDIANTE	9
pbkdf2_sha256$1200000$l1r3mlIGXb1KROQfehCsU6$mcXuY2lncOcXq0sIv+zlf3oEW3CBjKrHgZmeVvFWoow=	\N	f	da11229b-1b1c-4369-bced-74a5b6022791	1234567919	CC	\N	LOLA	TESTDOS	test30@usco.edu.co	F	f	t	f	1	ESTUDIANTE	10
pbkdf2_sha256$1200000$AFm1ZWKz6uFZp2HKvQquUD$wkAVEk2FjF+z3i10bPSBkpYSmteUP0D23pixWWaIX0M=	\N	f	21dbdae4-324c-45f1-9326-89b78daddfbd	1234567920	CC	\N	JUAN	TESUNO	test31@usco.edu.co	M	f	t	f	1	ESTUDIANTE	1
pbkdf2_sha256$1200000$0hQJ9fYXhBovgaYTXIxhbE$NP8TC+YZhcAI7wGQlXZqVp2Q+IFq4+qiaLiVy9vc428=	\N	f	750af678-70ee-4aed-ae52-5743f2c3bae2	1234567921	CC	\N	LOLA	TESTDOS	test32@usco.edu.co	F	f	t	f	1	ESTUDIANTE	2
pbkdf2_sha256$1200000$AUi09u6Sw7SGZkxRjvuJlH$lN5FQL4V4SStA0Yr6BINsu3WXA2larM6FmnHaZR7Jlw=	\N	f	cc3f657d-5e44-41cc-9e87-e1797b2b8d51	1234567922	CC	\N	JUAN	TESUNO	test33@usco.edu.co	M	f	t	f	1	ESTUDIANTE	3
pbkdf2_sha256$1200000$7Hj1rUc8oOObIXKdH9QsGH$GRKjDWl++Zw3nVjXwakZMK1cMQLHFAQehol9ruT8gIo=	\N	f	c8442a84-23e3-4ad2-8cd9-bb4aa0164aa9	1234567923	CC	\N	LOLA	TESTDOS	test34@usco.edu.co	F	f	t	f	1	ESTUDIANTE	4
pbkdf2_sha256$1200000$Z2ms7tqr4kj8EdnH2n7Z6j$Svs9nTQVWJIsGg0J9XOd7ho+QWJyNM9Dy+9C/02NXUo=	\N	f	fbf7fafb-e8f8-4037-b219-daf93a561754	1234567924	CC	\N	JUAN	TESUNO	test35@usco.edu.co	M	f	t	f	1	ESTUDIANTE	5
pbkdf2_sha256$1200000$w4BhO2SdpetQeabVMSFX7u$u0rMAoeexUHCEniU+GlZK/zVeEDhw6M6rXVy5LkLIn8=	\N	f	41a6de33-9d3d-490d-9fd2-8180d340e645	1234567925	CC	\N	LOLA	TESTDOS	test36@usco.edu.co	F	f	t	f	1	ESTUDIANTE	6
pbkdf2_sha256$1200000$MAjJkvhogtz0jN7nuhlD5C$Myy6qvyvoehCqUE/hO/Rs3daYMq2Y5Cwy7UjYQCB2m8=	2026-04-13 19:38:48.336037-05	t	d6472fea-6b4c-4669-a238-913c51d5fa25	1109420278	CC	\N	OSCAR E	PERDOMO S	admin@usco.edu.co	M	f	t	t	2	ADMIN	\N
pbkdf2_sha256$1200000$4i2daKqKelmZwEzfq6a7Hp$R/Jjr0WkrHZTaHnLXZH3xRzRbsBg2fJgJYSIen6ymkk=	\N	f	3ee4bb1d-4f4c-42af-b176-02ae92fef605	1234567932	CC	\N	JUAN	TESUNO	test43@usco.edu.co	M	f	t	f	1	ESTUDIANTE	3
pbkdf2_sha256$1200000$EwMUBwtNMoDwSvI5qwidTn$PxVXWop980UwXv/FXSLqaUhhCbtqP4sH69WUEFwJk9s=	\N	f	95807501-1470-4b3d-bf2a-c596241d33f2	1234567933	CC	\N	LOLA	TESTDOS	test44@usco.edu.co	F	f	t	f	1	ESTUDIANTE	4
pbkdf2_sha256$1200000$WhxaSXxbpcXnxMJ3EpToy8$ZJST5+/YdfjxrhCeEhI6Q+hnggzaa0mU3y/k6jz8FCo=	\N	f	6b1b8e5f-0e3c-4324-87ab-c4e6d1ef6f75	1234567934	CC	\N	JUAN	TESUNO	test45@usco.edu.co	M	f	t	f	1	ESTUDIANTE	5
pbkdf2_sha256$1200000$bMpQYU3GO7cCABK0Vroez7$BVU2FyLXQc2rvqb7urFVNc8+z1csazZCkBbaBO9cSjM=	\N	f	59a9ac6a-c618-4e5a-8f1e-7aecb660b2aa	1234567935	CC	\N	LOLA	TESTDOS	test46@usco.edu.co	F	f	t	f	1	ESTUDIANTE	6
pbkdf2_sha256$1200000$DIOeoaGLDmBKzfu65F9nEF$blImec5jezKPuhr5qQWXrormg/C7eRm50+TaAIKpoEQ=	\N	f	f4c9112b-dfae-4056-a686-d0fa8de79096	1234567936	CC	\N	JUAN	TESUNO	test47@usco.edu.co	M	f	t	f	1	ESTUDIANTE	7
pbkdf2_sha256$1200000$bFPrIoiuVXS1fqSU90nb7P$sGjUSWNhHtJ7CDd2l6lC7u1Hm3UsMWOkqHG9C3MHSJ4=	\N	f	136287b1-1457-428f-9d05-eaa09da13967	1234567937	CC	\N	LOLA	TESTDOS	test48@usco.edu.co	F	f	t	f	1	ESTUDIANTE	8
pbkdf2_sha256$1200000$6PPnjkXh82Ca8mpAcn01HV$j97W7zgUp5nnY75eK53x3+SJMZF0NHV5DzwMi70UXag=	\N	f	a230eb4a-c5e2-4a67-8efd-9b5ada9a66c7	1234567938	CC	\N	JUAN	TESUNO	test49@usco.edu.co	M	f	t	f	1	ESTUDIANTE	9
pbkdf2_sha256$1200000$taVrGuSGpnL2A9GZcupSyb$OdyVboBZ4HyN0HxFDyS7sd5gxkdk7szU4pPmrej8yLA=	\N	f	7971e2e6-1940-4082-84bf-04905d23b12b	1234567939	CC	\N	LOLA	TESTDOS	test50@usco.edu.co	F	f	t	f	1	ESTUDIANTE	10
pbkdf2_sha256$1200000$sGMdhFRlhrjAoxlIDlYEyd$eQsTnDCf+97bnMyOggS8KbODzOAyLoANmAWVIOO1WSI=	\N	f	81398309-d1db-4b98-be02-f08509f9071b	1234567940	CC	\N	JUAN	TESUNO	test51@usco.edu.co	M	f	t	f	1	ESTUDIANTE	1
pbkdf2_sha256$1200000$uzKlkKAH2eBawfeTMLjr0C$nKeOdNGJS+JZJqqReZNw8XbbQWw/erypvUXnMs23tSg=	\N	f	bc9e3aea-f930-4a99-800c-a5de70acf029	1234567941	CC	\N	LOLA	TESTDOS	test52@usco.edu.co	F	f	t	f	1	ESTUDIANTE	2
pbkdf2_sha256$1200000$wIuGU4UN5n5pj3vQwxfo1f$GYXPAl1n4qyrMxmq0LhUk+KUPKMcDh8mcZZzpqRL2yQ=	\N	f	04b58cad-9691-4748-a5d7-b293d79bad49	1234567942	CC	\N	JUAN	TESUNO	test53@usco.edu.co	M	f	t	f	1	ESTUDIANTE	3
pbkdf2_sha256$1200000$Bcp1q0lflnev991GaL0wVl$wd2lO3j2MJlcDrEnHVdhKzj6g4A2o0dUdS+morP2j90=	\N	f	92832b73-abe2-4b51-8f0b-b3b13b9a4244	1234567943	CC	\N	LOLA	TESTDOS	test54@usco.edu.co	F	f	t	f	1	ESTUDIANTE	4
pbkdf2_sha256$1200000$HVXDTsmZ5DZDQWKlRse0C5$q+t4uHcjE0jiuXojxn1kxjGCkRbu+Wo/JyCbkshZL/c=	\N	f	56a395ed-cd47-4b6e-bda4-5ebf500bf98a	1234567944	CC	\N	JUAN	TESUNO	test55@usco.edu.co	M	f	t	f	1	ESTUDIANTE	5
pbkdf2_sha256$1200000$LdqNt79yPVFQFPDw0A0kjr$92BtuSsRw6j2pUk0NGKgwoD5jQ8OnyNHdaZUVoV/dIM=	\N	f	3c204906-9bf7-4637-a780-fda93cfc088f	1234567945	CC	\N	LOLA	TESTDOS	test56@usco.edu.co	F	f	t	f	1	ESTUDIANTE	6
pbkdf2_sha256$1200000$J4Na34mVutBnEkxh7HaCaE$o8s69lUxmYrAKROPDKLD+QsinwJ6qnhbnNrDbbFfxv8=	\N	f	1beef239-9d81-440f-baad-0edc60e1e6a5	1234567946	CC	\N	JUAN	TESUNO	test57@usco.edu.co	M	f	t	f	1	ESTUDIANTE	7
pbkdf2_sha256$1200000$85dNVTYN5uyXnB5gqiUZ6M$qyZ79hMXevcPtSOwjdx3LUpCryiAIKcAfrjiiU29VYw=	\N	f	73e54702-a74d-4584-a2d8-0378e6dd379c	1234567947	CC	\N	LOLA	TESTDOS	test58@usco.edu.co	F	f	t	f	1	ESTUDIANTE	8
pbkdf2_sha256$1200000$fWFwSCJXgYqRjfh9wjx1C2$tnx5Q+OhVQrUo4XuBbt+LwAnZFLvXnh/Bhtkz2eMyw0=	\N	f	1a91dd5e-5fb5-4b07-a211-7cbebf694f9d	1234567948	CC	\N	JUAN	TESUNO	test59@usco.edu.co	M	f	t	f	1	ESTUDIANTE	9
pbkdf2_sha256$1200000$NYCcQzGwF4BGMtszPLQJua$fn7ccUXLhSVa1IIYk4c9lqFS9Qkzsl7ah29YmIh/Kc0=	\N	f	84f2cb59-c78a-421d-9fc6-b63431636b50	1234567949	CC	\N	LOLA	TESTDOS	test60@usco.edu.co	F	f	t	f	1	ESTUDIANTE	10
pbkdf2_sha256$1200000$peZlrSubr4zFEDP39ctDwT$jYJslwkHqCDEu4yC6jKcTMqqcDoQw3EIyCTvwbj9CfY=	\N	f	acd1715b-952f-4a9b-af76-44f7f4a5236e	1234567950	CC	\N	JUAN	TESUNO	test61@usco.edu.co	M	f	t	f	1	ESTUDIANTE	1
pbkdf2_sha256$1200000$BzgE7u7p8pSrRtSApD09b5$2dZq6c7P/cLYAgaHTAyJwc6qLCVZV9fimZVFE3ThxRA=	\N	f	a71ef0df-951e-4657-8ac6-a2ae791e3911	1234567951	CC	\N	LOLA	TESTDOS	test62@usco.edu.co	F	f	t	f	1	ESTUDIANTE	2
pbkdf2_sha256$1200000$0lhMkSwhQeN1GnJUvrA6hr$AZhOJjz8FVBsgmEIZH0avrRAAcduCNqgLZrsZ6rQwgc=	\N	f	e6c6a547-1acc-407f-91fd-c5bbc3a44b0d	1234567952	CC	\N	JUAN	TESUNO	test63@usco.edu.co	M	f	t	f	1	ESTUDIANTE	3
pbkdf2_sha256$1200000$F4nvx8jEMygmySO08G9ddt$Mv69sFnEwAt54bD0ZvcBMXaerZlkB7yCJL2md3yowyI=	\N	f	7d965bb6-7475-4950-8afd-a63d9397ccc7	1234567953	CC	\N	LOLA	TESTDOS	test64@usco.edu.co	F	f	t	f	1	ESTUDIANTE	4
pbkdf2_sha256$1200000$f7UscCgjohm2fluA5CbovP$fEKlgjM0hQSvpLcVdCWRU0MXsHPEzSRGfIYliMhf5VE=	\N	f	0a76bdd4-5415-4ddb-9185-7ae25c040942	1234567954	CC	\N	JUAN	TESUNO	test65@usco.edu.co	M	f	t	f	1	ESTUDIANTE	5
pbkdf2_sha256$1200000$znayK36BMW7peVImaCSabk$pHkXIeY+wvAN8pL7cWEfs9yx8dHUPMvt1UIGcFXtw2A=	\N	f	65f60ee6-2b98-47d0-83a3-7dfa8cf94d55	1234567957	CC	\N	LOLA	TESTDOS	test68@usco.edu.co	F	f	t	f	1	ESTUDIANTE	8
pbkdf2_sha256$1200000$ryaMvLWeXT6kPZVEIgGfGi$BYxR8Gdg85oLc8JH4tehjPBVdOJpwB60tPYVrl7dhGI=	\N	f	8377729a-2195-4db7-9e94-544048d1ea2e	1234567958	CC	\N	JUAN	TESUNO	test69@usco.edu.co	M	f	t	f	1	ESTUDIANTE	9
pbkdf2_sha256$1200000$4MYczK0uFXbjYLobHP1Tym$JwU0MNhEvQ+I/wCNWNNPQGdM3iw/lH/qUxar3qrlrsU=	\N	f	b2c00151-7832-4a46-b0dd-637f5f7882c6	1234567959	CC	\N	LOLA	TESTDOS	test70@usco.edu.co	F	f	t	f	1	ESTUDIANTE	10
pbkdf2_sha256$1200000$sohIYEEGlsfvrREg7hCVhA$WbCeIGPGu55EPKGz9IcV0ALGn1j1ZykFvoMVi5pJCvo=	\N	f	d48650ba-1277-453d-8cc2-1a9cef83d2f5	1234567960	CC	\N	JUAN	TESUNO	test71@usco.edu.co	M	f	t	f	1	ESTUDIANTE	1
pbkdf2_sha256$1200000$vVLttzJFO9rGjWrtGzoIPj$GtYnMyfYTA9uGcw87A7NrUopT26FxZenJjH65biPMqU=	\N	f	f2610760-9e83-4b40-bbc2-8c4514234212	1234567961	CC	\N	LOLA	TESTDOS	test72@usco.edu.co	F	f	t	f	1	ESTUDIANTE	2
pbkdf2_sha256$1200000$T7wXQj8TKUpQSIgzbDSXBL$yBSUym4MgWNb2lZ8Lvr0hfvWKe1VWo7HDi3L8Ql/k+U=	\N	f	0bc7624f-577c-487e-8587-dd2a8fe7dab6	1234567962	CC	\N	JUAN	TESUNO	test73@usco.edu.co	M	f	t	f	1	ESTUDIANTE	3
\.


--
-- Data for Name: users_usuario_groups; Type: TABLE DATA; Schema: public; Owner: postgres
--

COPY public.users_usuario_groups (id, usuario_id, group_id) FROM stdin;
\.


--
-- Data for Name: users_usuario_user_permissions; Type: TABLE DATA; Schema: public; Owner: postgres
--

COPY public.users_usuario_user_permissions (id, usuario_id, permission_id) FROM stdin;
\.


--
-- Name: auth_group_id_seq; Type: SEQUENCE SET; Schema: public; Owner: postgres
--

SELECT pg_catalog.setval('public.auth_group_id_seq', 1, false);


--
-- Name: auth_group_permissions_id_seq; Type: SEQUENCE SET; Schema: public; Owner: postgres
--

SELECT pg_catalog.setval('public.auth_group_permissions_id_seq', 1, false);


--
-- Name: auth_permission_id_seq; Type: SEQUENCE SET; Schema: public; Owner: postgres
--

SELECT pg_catalog.setval('public.auth_permission_id_seq', 72, true);


--
-- Name: django_admin_log_id_seq; Type: SEQUENCE SET; Schema: public; Owner: postgres
--

SELECT pg_catalog.setval('public.django_admin_log_id_seq', 19, true);


--
-- Name: django_content_type_id_seq; Type: SEQUENCE SET; Schema: public; Owner: postgres
--

SELECT pg_catalog.setval('public.django_content_type_id_seq', 18, true);


--
-- Name: django_migrations_id_seq; Type: SEQUENCE SET; Schema: public; Owner: postgres
--

SELECT pg_catalog.setval('public.django_migrations_id_seq', 36, true);


--
-- Name: evaluaciones_categoria_id_seq; Type: SEQUENCE SET; Schema: public; Owner: postgres
--

SELECT pg_catalog.setval('public.evaluaciones_categoria_id_seq', 12, true);


--
-- Name: evaluaciones_competencia_id_seq; Type: SEQUENCE SET; Schema: public; Owner: postgres
--

SELECT pg_catalog.setval('public.evaluaciones_competencia_id_seq', 18, true);


--
-- Name: evaluaciones_moduloprueba_id_seq; Type: SEQUENCE SET; Schema: public; Owner: postgres
--

SELECT pg_catalog.setval('public.evaluaciones_moduloprueba_id_seq', 5, true);


--
-- Name: evaluaciones_plantillaexamen_programas_destino_id_seq; Type: SEQUENCE SET; Schema: public; Owner: postgres
--

SELECT pg_catalog.setval('public.evaluaciones_plantillaexamen_programas_destino_id_seq', 11, true);


--
-- Name: users_programaacademico_id_seq; Type: SEQUENCE SET; Schema: public; Owner: postgres
--

SELECT pg_catalog.setval('public.users_programaacademico_id_seq', 2, true);


--
-- Name: users_usuario_groups_id_seq; Type: SEQUENCE SET; Schema: public; Owner: postgres
--

SELECT pg_catalog.setval('public.users_usuario_groups_id_seq', 1, false);


--
-- Name: users_usuario_user_permissions_id_seq; Type: SEQUENCE SET; Schema: public; Owner: postgres
--

SELECT pg_catalog.setval('public.users_usuario_user_permissions_id_seq', 1, false);


--
-- Name: auth_group auth_group_name_key; Type: CONSTRAINT; Schema: public; Owner: postgres
--

ALTER TABLE ONLY public.auth_group
    ADD CONSTRAINT auth_group_name_key UNIQUE (name);


--
-- Name: auth_group_permissions auth_group_permissions_group_id_permission_id_0cd325b0_uniq; Type: CONSTRAINT; Schema: public; Owner: postgres
--

ALTER TABLE ONLY public.auth_group_permissions
    ADD CONSTRAINT auth_group_permissions_group_id_permission_id_0cd325b0_uniq UNIQUE (group_id, permission_id);


--
-- Name: auth_group_permissions auth_group_permissions_pkey; Type: CONSTRAINT; Schema: public; Owner: postgres
--

ALTER TABLE ONLY public.auth_group_permissions
    ADD CONSTRAINT auth_group_permissions_pkey PRIMARY KEY (id);


--
-- Name: auth_group auth_group_pkey; Type: CONSTRAINT; Schema: public; Owner: postgres
--

ALTER TABLE ONLY public.auth_group
    ADD CONSTRAINT auth_group_pkey PRIMARY KEY (id);


--
-- Name: auth_permission auth_permission_content_type_id_codename_01ab375a_uniq; Type: CONSTRAINT; Schema: public; Owner: postgres
--

ALTER TABLE ONLY public.auth_permission
    ADD CONSTRAINT auth_permission_content_type_id_codename_01ab375a_uniq UNIQUE (content_type_id, codename);


--
-- Name: auth_permission auth_permission_pkey; Type: CONSTRAINT; Schema: public; Owner: postgres
--

ALTER TABLE ONLY public.auth_permission
    ADD CONSTRAINT auth_permission_pkey PRIMARY KEY (id);


--
-- Name: django_admin_log django_admin_log_pkey; Type: CONSTRAINT; Schema: public; Owner: postgres
--

ALTER TABLE ONLY public.django_admin_log
    ADD CONSTRAINT django_admin_log_pkey PRIMARY KEY (id);


--
-- Name: django_content_type django_content_type_app_label_model_76bd3d3b_uniq; Type: CONSTRAINT; Schema: public; Owner: postgres
--

ALTER TABLE ONLY public.django_content_type
    ADD CONSTRAINT django_content_type_app_label_model_76bd3d3b_uniq UNIQUE (app_label, model);


--
-- Name: django_content_type django_content_type_pkey; Type: CONSTRAINT; Schema: public; Owner: postgres
--

ALTER TABLE ONLY public.django_content_type
    ADD CONSTRAINT django_content_type_pkey PRIMARY KEY (id);


--
-- Name: django_migrations django_migrations_pkey; Type: CONSTRAINT; Schema: public; Owner: postgres
--

ALTER TABLE ONLY public.django_migrations
    ADD CONSTRAINT django_migrations_pkey PRIMARY KEY (id);


--
-- Name: django_session django_session_pkey; Type: CONSTRAINT; Schema: public; Owner: postgres
--

ALTER TABLE ONLY public.django_session
    ADD CONSTRAINT django_session_pkey PRIMARY KEY (session_key);


--
-- Name: evaluaciones_categoria evaluaciones_categoria_pkey; Type: CONSTRAINT; Schema: public; Owner: postgres
--

ALTER TABLE ONLY public.evaluaciones_categoria
    ADD CONSTRAINT evaluaciones_categoria_pkey PRIMARY KEY (id);


--
-- Name: evaluaciones_competencia evaluaciones_competencia_pkey; Type: CONSTRAINT; Schema: public; Owner: postgres
--

ALTER TABLE ONLY public.evaluaciones_competencia
    ADD CONSTRAINT evaluaciones_competencia_pkey PRIMARY KEY (id);


--
-- Name: evaluaciones_intentoexamen evaluaciones_intentoexamen_pkey; Type: CONSTRAINT; Schema: public; Owner: postgres
--

ALTER TABLE ONLY public.evaluaciones_intentoexamen
    ADD CONSTRAINT evaluaciones_intentoexamen_pkey PRIMARY KEY (id);


--
-- Name: evaluaciones_intentomodulo evaluaciones_intentomodulo_pkey; Type: CONSTRAINT; Schema: public; Owner: postgres
--

ALTER TABLE ONLY public.evaluaciones_intentomodulo
    ADD CONSTRAINT evaluaciones_intentomodulo_pkey PRIMARY KEY (id);


--
-- Name: evaluaciones_moduloprueba evaluaciones_moduloprueba_nombre_key; Type: CONSTRAINT; Schema: public; Owner: postgres
--

ALTER TABLE ONLY public.evaluaciones_moduloprueba
    ADD CONSTRAINT evaluaciones_moduloprueba_nombre_key UNIQUE (nombre);


--
-- Name: evaluaciones_moduloprueba evaluaciones_moduloprueba_pkey; Type: CONSTRAINT; Schema: public; Owner: postgres
--

ALTER TABLE ONLY public.evaluaciones_moduloprueba
    ADD CONSTRAINT evaluaciones_moduloprueba_pkey PRIMARY KEY (id);


--
-- Name: evaluaciones_opcionrespuesta evaluaciones_opcionrespuesta_pkey; Type: CONSTRAINT; Schema: public; Owner: postgres
--

ALTER TABLE ONLY public.evaluaciones_opcionrespuesta
    ADD CONSTRAINT evaluaciones_opcionrespuesta_pkey PRIMARY KEY (id);


--
-- Name: evaluaciones_plantillaexamen_programas_destino evaluaciones_plantillaex_plantillaexamen_id_progr_f375dcfd_uniq; Type: CONSTRAINT; Schema: public; Owner: postgres
--

ALTER TABLE ONLY public.evaluaciones_plantillaexamen_programas_destino
    ADD CONSTRAINT evaluaciones_plantillaex_plantillaexamen_id_progr_f375dcfd_uniq UNIQUE (plantillaexamen_id, programaacademico_id);


--
-- Name: evaluaciones_plantillaexamen evaluaciones_plantillaexamen_pkey; Type: CONSTRAINT; Schema: public; Owner: postgres
--

ALTER TABLE ONLY public.evaluaciones_plantillaexamen
    ADD CONSTRAINT evaluaciones_plantillaexamen_pkey PRIMARY KEY (id);


--
-- Name: evaluaciones_plantillaexamen_programas_destino evaluaciones_plantillaexamen_programas_destino_pkey; Type: CONSTRAINT; Schema: public; Owner: postgres
--

ALTER TABLE ONLY public.evaluaciones_plantillaexamen_programas_destino
    ADD CONSTRAINT evaluaciones_plantillaexamen_programas_destino_pkey PRIMARY KEY (id);


--
-- Name: evaluaciones_pregunta evaluaciones_pregunta_pkey; Type: CONSTRAINT; Schema: public; Owner: postgres
--

ALTER TABLE ONLY public.evaluaciones_pregunta
    ADD CONSTRAINT evaluaciones_pregunta_pkey PRIMARY KEY (id);


--
-- Name: evaluaciones_reglaexamen evaluaciones_reglaexamen_pkey; Type: CONSTRAINT; Schema: public; Owner: postgres
--

ALTER TABLE ONLY public.evaluaciones_reglaexamen
    ADD CONSTRAINT evaluaciones_reglaexamen_pkey PRIMARY KEY (id);


--
-- Name: evaluaciones_respuestaestudiante evaluaciones_respuestaestudiante_pkey; Type: CONSTRAINT; Schema: public; Owner: postgres
--

ALTER TABLE ONLY public.evaluaciones_respuestaestudiante
    ADD CONSTRAINT evaluaciones_respuestaestudiante_pkey PRIMARY KEY (id);


--
-- Name: evaluaciones_intentoexamen unico_intento_por_examen; Type: CONSTRAINT; Schema: public; Owner: postgres
--

ALTER TABLE ONLY public.evaluaciones_intentoexamen
    ADD CONSTRAINT unico_intento_por_examen UNIQUE (estudiante_id, plantilla_examen_id);


--
-- Name: users_notificacion users_notificacion_pkey; Type: CONSTRAINT; Schema: public; Owner: postgres
--

ALTER TABLE ONLY public.users_notificacion
    ADD CONSTRAINT users_notificacion_pkey PRIMARY KEY (id);


--
-- Name: users_programaacademico users_programaacademico_codigo_snies_key; Type: CONSTRAINT; Schema: public; Owner: postgres
--

ALTER TABLE ONLY public.users_programaacademico
    ADD CONSTRAINT users_programaacademico_codigo_snies_key UNIQUE (codigo_snies);


--
-- Name: users_programaacademico users_programaacademico_nombre_key; Type: CONSTRAINT; Schema: public; Owner: postgres
--

ALTER TABLE ONLY public.users_programaacademico
    ADD CONSTRAINT users_programaacademico_nombre_key UNIQUE (nombre);


--
-- Name: users_programaacademico users_programaacademico_pkey; Type: CONSTRAINT; Schema: public; Owner: postgres
--

ALTER TABLE ONLY public.users_programaacademico
    ADD CONSTRAINT users_programaacademico_pkey PRIMARY KEY (id);


--
-- Name: users_usuario users_usuario_codigo_estudiante_key; Type: CONSTRAINT; Schema: public; Owner: postgres
--

ALTER TABLE ONLY public.users_usuario
    ADD CONSTRAINT users_usuario_codigo_estudiante_key UNIQUE (codigo_estudiante);


--
-- Name: users_usuario users_usuario_correo_institucional_key; Type: CONSTRAINT; Schema: public; Owner: postgres
--

ALTER TABLE ONLY public.users_usuario
    ADD CONSTRAINT users_usuario_correo_institucional_key UNIQUE (correo_institucional);


--
-- Name: users_usuario users_usuario_documento_key; Type: CONSTRAINT; Schema: public; Owner: postgres
--

ALTER TABLE ONLY public.users_usuario
    ADD CONSTRAINT users_usuario_documento_key UNIQUE (documento);


--
-- Name: users_usuario_groups users_usuario_groups_pkey; Type: CONSTRAINT; Schema: public; Owner: postgres
--

ALTER TABLE ONLY public.users_usuario_groups
    ADD CONSTRAINT users_usuario_groups_pkey PRIMARY KEY (id);


--
-- Name: users_usuario_groups users_usuario_groups_usuario_id_group_id_db69fe93_uniq; Type: CONSTRAINT; Schema: public; Owner: postgres
--

ALTER TABLE ONLY public.users_usuario_groups
    ADD CONSTRAINT users_usuario_groups_usuario_id_group_id_db69fe93_uniq UNIQUE (usuario_id, group_id);


--
-- Name: users_usuario users_usuario_pkey; Type: CONSTRAINT; Schema: public; Owner: postgres
--

ALTER TABLE ONLY public.users_usuario
    ADD CONSTRAINT users_usuario_pkey PRIMARY KEY (id);


--
-- Name: users_usuario_user_permissions users_usuario_user_permi_usuario_id_permission_id_9b373975_uniq; Type: CONSTRAINT; Schema: public; Owner: postgres
--

ALTER TABLE ONLY public.users_usuario_user_permissions
    ADD CONSTRAINT users_usuario_user_permi_usuario_id_permission_id_9b373975_uniq UNIQUE (usuario_id, permission_id);


--
-- Name: users_usuario_user_permissions users_usuario_user_permissions_pkey; Type: CONSTRAINT; Schema: public; Owner: postgres
--

ALTER TABLE ONLY public.users_usuario_user_permissions
    ADD CONSTRAINT users_usuario_user_permissions_pkey PRIMARY KEY (id);


--
-- Name: auth_group_name_a6ea08ec_like; Type: INDEX; Schema: public; Owner: postgres
--

CREATE INDEX auth_group_name_a6ea08ec_like ON public.auth_group USING btree (name varchar_pattern_ops);


--
-- Name: auth_group_permissions_group_id_b120cbf9; Type: INDEX; Schema: public; Owner: postgres
--

CREATE INDEX auth_group_permissions_group_id_b120cbf9 ON public.auth_group_permissions USING btree (group_id);


--
-- Name: auth_group_permissions_permission_id_84c5c92e; Type: INDEX; Schema: public; Owner: postgres
--

CREATE INDEX auth_group_permissions_permission_id_84c5c92e ON public.auth_group_permissions USING btree (permission_id);


--
-- Name: auth_permission_content_type_id_2f476e4b; Type: INDEX; Schema: public; Owner: postgres
--

CREATE INDEX auth_permission_content_type_id_2f476e4b ON public.auth_permission USING btree (content_type_id);


--
-- Name: django_admin_log_content_type_id_c4bce8eb; Type: INDEX; Schema: public; Owner: postgres
--

CREATE INDEX django_admin_log_content_type_id_c4bce8eb ON public.django_admin_log USING btree (content_type_id);


--
-- Name: django_admin_log_user_id_c564eba6; Type: INDEX; Schema: public; Owner: postgres
--

CREATE INDEX django_admin_log_user_id_c564eba6 ON public.django_admin_log USING btree (user_id);


--
-- Name: django_session_expire_date_a5c62663; Type: INDEX; Schema: public; Owner: postgres
--

CREATE INDEX django_session_expire_date_a5c62663 ON public.django_session USING btree (expire_date);


--
-- Name: django_session_session_key_c0390e0f_like; Type: INDEX; Schema: public; Owner: postgres
--

CREATE INDEX django_session_session_key_c0390e0f_like ON public.django_session USING btree (session_key varchar_pattern_ops);


--
-- Name: evaluaciones_categoria_modulo_id_934f3456; Type: INDEX; Schema: public; Owner: postgres
--

CREATE INDEX evaluaciones_categoria_modulo_id_934f3456 ON public.evaluaciones_categoria USING btree (modulo_id);


--
-- Name: evaluaciones_competencia_modulo_id_ecede417; Type: INDEX; Schema: public; Owner: postgres
--

CREATE INDEX evaluaciones_competencia_modulo_id_ecede417 ON public.evaluaciones_competencia USING btree (modulo_id);


--
-- Name: evaluaciones_intentoexamen_estudiante_id_e54c2a4b; Type: INDEX; Schema: public; Owner: postgres
--

CREATE INDEX evaluaciones_intentoexamen_estudiante_id_e54c2a4b ON public.evaluaciones_intentoexamen USING btree (estudiante_id);


--
-- Name: evaluaciones_intentoexamen_plantilla_examen_id_d4088418; Type: INDEX; Schema: public; Owner: postgres
--

CREATE INDEX evaluaciones_intentoexamen_plantilla_examen_id_d4088418 ON public.evaluaciones_intentoexamen USING btree (plantilla_examen_id);


--
-- Name: evaluaciones_intentomodulo_intento_id_1047fbdd; Type: INDEX; Schema: public; Owner: postgres
--

CREATE INDEX evaluaciones_intentomodulo_intento_id_1047fbdd ON public.evaluaciones_intentomodulo USING btree (intento_id);


--
-- Name: evaluaciones_intentomodulo_modulo_id_31a91718; Type: INDEX; Schema: public; Owner: postgres
--

CREATE INDEX evaluaciones_intentomodulo_modulo_id_31a91718 ON public.evaluaciones_intentomodulo USING btree (modulo_id);


--
-- Name: evaluaciones_moduloprueba_nombre_27cb67e3_like; Type: INDEX; Schema: public; Owner: postgres
--

CREATE INDEX evaluaciones_moduloprueba_nombre_27cb67e3_like ON public.evaluaciones_moduloprueba USING btree (nombre varchar_pattern_ops);


--
-- Name: evaluaciones_opcionrespuesta_pregunta_id_f6e4aa3b; Type: INDEX; Schema: public; Owner: postgres
--

CREATE INDEX evaluaciones_opcionrespuesta_pregunta_id_f6e4aa3b ON public.evaluaciones_opcionrespuesta USING btree (pregunta_id);


--
-- Name: evaluaciones_plantillaexam_plantillaexamen_id_4411387f; Type: INDEX; Schema: public; Owner: postgres
--

CREATE INDEX evaluaciones_plantillaexam_plantillaexamen_id_4411387f ON public.evaluaciones_plantillaexamen_programas_destino USING btree (plantillaexamen_id);


--
-- Name: evaluaciones_plantillaexam_programaacademico_id_83e8ee57; Type: INDEX; Schema: public; Owner: postgres
--

CREATE INDEX evaluaciones_plantillaexam_programaacademico_id_83e8ee57 ON public.evaluaciones_plantillaexamen_programas_destino USING btree (programaacademico_id);


--
-- Name: evaluaciones_plantillaexamen_creado_por_id_6ef8dfee; Type: INDEX; Schema: public; Owner: postgres
--

CREATE INDEX evaluaciones_plantillaexamen_creado_por_id_6ef8dfee ON public.evaluaciones_plantillaexamen USING btree (creado_por_id);


--
-- Name: evaluaciones_pregunta_categoria_id_80bd801d; Type: INDEX; Schema: public; Owner: postgres
--

CREATE INDEX evaluaciones_pregunta_categoria_id_80bd801d ON public.evaluaciones_pregunta USING btree (categoria_id);


--
-- Name: evaluaciones_pregunta_competencia_id_1d369f68; Type: INDEX; Schema: public; Owner: postgres
--

CREATE INDEX evaluaciones_pregunta_competencia_id_1d369f68 ON public.evaluaciones_pregunta USING btree (competencia_id);


--
-- Name: evaluaciones_pregunta_creado_por_id_290c215c; Type: INDEX; Schema: public; Owner: postgres
--

CREATE INDEX evaluaciones_pregunta_creado_por_id_290c215c ON public.evaluaciones_pregunta USING btree (creado_por_id);


--
-- Name: evaluaciones_pregunta_modulo_id_b1687dee; Type: INDEX; Schema: public; Owner: postgres
--

CREATE INDEX evaluaciones_pregunta_modulo_id_b1687dee ON public.evaluaciones_pregunta USING btree (modulo_id);


--
-- Name: evaluaciones_pregunta_version_original_id_d645efb2; Type: INDEX; Schema: public; Owner: postgres
--

CREATE INDEX evaluaciones_pregunta_version_original_id_d645efb2 ON public.evaluaciones_pregunta USING btree (version_original_id);


--
-- Name: evaluaciones_reglaexamen_categoria_id_9b810730; Type: INDEX; Schema: public; Owner: postgres
--

CREATE INDEX evaluaciones_reglaexamen_categoria_id_9b810730 ON public.evaluaciones_reglaexamen USING btree (categoria_id);


--
-- Name: evaluaciones_reglaexamen_examen_id_bbccecfb; Type: INDEX; Schema: public; Owner: postgres
--

CREATE INDEX evaluaciones_reglaexamen_examen_id_bbccecfb ON public.evaluaciones_reglaexamen USING btree (examen_id);


--
-- Name: evaluaciones_reglaexamen_modulo_id_206d44ea; Type: INDEX; Schema: public; Owner: postgres
--

CREATE INDEX evaluaciones_reglaexamen_modulo_id_206d44ea ON public.evaluaciones_reglaexamen USING btree (modulo_id);


--
-- Name: evaluaciones_respuestaestu_opcion_seleccionada_id_e170a8a8; Type: INDEX; Schema: public; Owner: postgres
--

CREATE INDEX evaluaciones_respuestaestu_opcion_seleccionada_id_e170a8a8 ON public.evaluaciones_respuestaestudiante USING btree (opcion_seleccionada_id);


--
-- Name: evaluaciones_respuestaestudiante_evaluador_id_504cd3f9; Type: INDEX; Schema: public; Owner: postgres
--

CREATE INDEX evaluaciones_respuestaestudiante_evaluador_id_504cd3f9 ON public.evaluaciones_respuestaestudiante USING btree (evaluador_id);


--
-- Name: evaluaciones_respuestaestudiante_intento_id_9d9e4800; Type: INDEX; Schema: public; Owner: postgres
--

CREATE INDEX evaluaciones_respuestaestudiante_intento_id_9d9e4800 ON public.evaluaciones_respuestaestudiante USING btree (intento_id);


--
-- Name: evaluaciones_respuestaestudiante_pregunta_id_d441cc00; Type: INDEX; Schema: public; Owner: postgres
--

CREATE INDEX evaluaciones_respuestaestudiante_pregunta_id_d441cc00 ON public.evaluaciones_respuestaestudiante USING btree (pregunta_id);


--
-- Name: users_notificacion_usuario_id_c22b17d8; Type: INDEX; Schema: public; Owner: postgres
--

CREATE INDEX users_notificacion_usuario_id_c22b17d8 ON public.users_notificacion USING btree (usuario_id);


--
-- Name: users_programaacademico_codigo_snies_30d2231f_like; Type: INDEX; Schema: public; Owner: postgres
--

CREATE INDEX users_programaacademico_codigo_snies_30d2231f_like ON public.users_programaacademico USING btree (codigo_snies varchar_pattern_ops);


--
-- Name: users_programaacademico_nombre_d31cea5f_like; Type: INDEX; Schema: public; Owner: postgres
--

CREATE INDEX users_programaacademico_nombre_d31cea5f_like ON public.users_programaacademico USING btree (nombre varchar_pattern_ops);


--
-- Name: users_usuario_codigo_estudiante_b29e756b_like; Type: INDEX; Schema: public; Owner: postgres
--

CREATE INDEX users_usuario_codigo_estudiante_b29e756b_like ON public.users_usuario USING btree (codigo_estudiante varchar_pattern_ops);


--
-- Name: users_usuario_correo_institucional_180c8002_like; Type: INDEX; Schema: public; Owner: postgres
--

CREATE INDEX users_usuario_correo_institucional_180c8002_like ON public.users_usuario USING btree (correo_institucional varchar_pattern_ops);


--
-- Name: users_usuario_documento_a0c4703d_like; Type: INDEX; Schema: public; Owner: postgres
--

CREATE INDEX users_usuario_documento_a0c4703d_like ON public.users_usuario USING btree (documento varchar_pattern_ops);


--
-- Name: users_usuario_groups_group_id_9d969afd; Type: INDEX; Schema: public; Owner: postgres
--

CREATE INDEX users_usuario_groups_group_id_9d969afd ON public.users_usuario_groups USING btree (group_id);


--
-- Name: users_usuario_groups_usuario_id_3a8a9a06; Type: INDEX; Schema: public; Owner: postgres
--

CREATE INDEX users_usuario_groups_usuario_id_3a8a9a06 ON public.users_usuario_groups USING btree (usuario_id);


--
-- Name: users_usuario_programa_id_f3e8dc9a; Type: INDEX; Schema: public; Owner: postgres
--

CREATE INDEX users_usuario_programa_id_f3e8dc9a ON public.users_usuario USING btree (programa_id);


--
-- Name: users_usuario_user_permissions_permission_id_bf5f5453; Type: INDEX; Schema: public; Owner: postgres
--

CREATE INDEX users_usuario_user_permissions_permission_id_bf5f5453 ON public.users_usuario_user_permissions USING btree (permission_id);


--
-- Name: users_usuario_user_permissions_usuario_id_75526fda; Type: INDEX; Schema: public; Owner: postgres
--

CREATE INDEX users_usuario_user_permissions_usuario_id_75526fda ON public.users_usuario_user_permissions USING btree (usuario_id);


--
-- Name: auth_group_permissions auth_group_permissio_permission_id_84c5c92e_fk_auth_perm; Type: FK CONSTRAINT; Schema: public; Owner: postgres
--

ALTER TABLE ONLY public.auth_group_permissions
    ADD CONSTRAINT auth_group_permissio_permission_id_84c5c92e_fk_auth_perm FOREIGN KEY (permission_id) REFERENCES public.auth_permission(id) DEFERRABLE INITIALLY DEFERRED;


--
-- Name: auth_group_permissions auth_group_permissions_group_id_b120cbf9_fk_auth_group_id; Type: FK CONSTRAINT; Schema: public; Owner: postgres
--

ALTER TABLE ONLY public.auth_group_permissions
    ADD CONSTRAINT auth_group_permissions_group_id_b120cbf9_fk_auth_group_id FOREIGN KEY (group_id) REFERENCES public.auth_group(id) DEFERRABLE INITIALLY DEFERRED;


--
-- Name: auth_permission auth_permission_content_type_id_2f476e4b_fk_django_co; Type: FK CONSTRAINT; Schema: public; Owner: postgres
--

ALTER TABLE ONLY public.auth_permission
    ADD CONSTRAINT auth_permission_content_type_id_2f476e4b_fk_django_co FOREIGN KEY (content_type_id) REFERENCES public.django_content_type(id) DEFERRABLE INITIALLY DEFERRED;


--
-- Name: django_admin_log django_admin_log_content_type_id_c4bce8eb_fk_django_co; Type: FK CONSTRAINT; Schema: public; Owner: postgres
--

ALTER TABLE ONLY public.django_admin_log
    ADD CONSTRAINT django_admin_log_content_type_id_c4bce8eb_fk_django_co FOREIGN KEY (content_type_id) REFERENCES public.django_content_type(id) DEFERRABLE INITIALLY DEFERRED;


--
-- Name: django_admin_log django_admin_log_user_id_c564eba6_fk_users_usuario_id; Type: FK CONSTRAINT; Schema: public; Owner: postgres
--

ALTER TABLE ONLY public.django_admin_log
    ADD CONSTRAINT django_admin_log_user_id_c564eba6_fk_users_usuario_id FOREIGN KEY (user_id) REFERENCES public.users_usuario(id) DEFERRABLE INITIALLY DEFERRED;


--
-- Name: evaluaciones_categoria evaluaciones_categor_modulo_id_934f3456_fk_evaluacio; Type: FK CONSTRAINT; Schema: public; Owner: postgres
--

ALTER TABLE ONLY public.evaluaciones_categoria
    ADD CONSTRAINT evaluaciones_categor_modulo_id_934f3456_fk_evaluacio FOREIGN KEY (modulo_id) REFERENCES public.evaluaciones_moduloprueba(id) DEFERRABLE INITIALLY DEFERRED;


--
-- Name: evaluaciones_competencia evaluaciones_compete_modulo_id_ecede417_fk_evaluacio; Type: FK CONSTRAINT; Schema: public; Owner: postgres
--

ALTER TABLE ONLY public.evaluaciones_competencia
    ADD CONSTRAINT evaluaciones_compete_modulo_id_ecede417_fk_evaluacio FOREIGN KEY (modulo_id) REFERENCES public.evaluaciones_moduloprueba(id) DEFERRABLE INITIALLY DEFERRED;


--
-- Name: evaluaciones_intentoexamen evaluaciones_intento_estudiante_id_e54c2a4b_fk_users_usu; Type: FK CONSTRAINT; Schema: public; Owner: postgres
--

ALTER TABLE ONLY public.evaluaciones_intentoexamen
    ADD CONSTRAINT evaluaciones_intento_estudiante_id_e54c2a4b_fk_users_usu FOREIGN KEY (estudiante_id) REFERENCES public.users_usuario(id) DEFERRABLE INITIALLY DEFERRED;


--
-- Name: evaluaciones_intentomodulo evaluaciones_intento_intento_id_1047fbdd_fk_evaluacio; Type: FK CONSTRAINT; Schema: public; Owner: postgres
--

ALTER TABLE ONLY public.evaluaciones_intentomodulo
    ADD CONSTRAINT evaluaciones_intento_intento_id_1047fbdd_fk_evaluacio FOREIGN KEY (intento_id) REFERENCES public.evaluaciones_intentoexamen(id) DEFERRABLE INITIALLY DEFERRED;


--
-- Name: evaluaciones_intentomodulo evaluaciones_intento_modulo_id_31a91718_fk_evaluacio; Type: FK CONSTRAINT; Schema: public; Owner: postgres
--

ALTER TABLE ONLY public.evaluaciones_intentomodulo
    ADD CONSTRAINT evaluaciones_intento_modulo_id_31a91718_fk_evaluacio FOREIGN KEY (modulo_id) REFERENCES public.evaluaciones_moduloprueba(id) DEFERRABLE INITIALLY DEFERRED;


--
-- Name: evaluaciones_intentoexamen evaluaciones_intento_plantilla_examen_id_d4088418_fk_evaluacio; Type: FK CONSTRAINT; Schema: public; Owner: postgres
--

ALTER TABLE ONLY public.evaluaciones_intentoexamen
    ADD CONSTRAINT evaluaciones_intento_plantilla_examen_id_d4088418_fk_evaluacio FOREIGN KEY (plantilla_examen_id) REFERENCES public.evaluaciones_plantillaexamen(id) DEFERRABLE INITIALLY DEFERRED;


--
-- Name: evaluaciones_opcionrespuesta evaluaciones_opcionr_pregunta_id_f6e4aa3b_fk_evaluacio; Type: FK CONSTRAINT; Schema: public; Owner: postgres
--

ALTER TABLE ONLY public.evaluaciones_opcionrespuesta
    ADD CONSTRAINT evaluaciones_opcionr_pregunta_id_f6e4aa3b_fk_evaluacio FOREIGN KEY (pregunta_id) REFERENCES public.evaluaciones_pregunta(id) DEFERRABLE INITIALLY DEFERRED;


--
-- Name: evaluaciones_plantillaexamen evaluaciones_plantil_creado_por_id_6ef8dfee_fk_users_usu; Type: FK CONSTRAINT; Schema: public; Owner: postgres
--

ALTER TABLE ONLY public.evaluaciones_plantillaexamen
    ADD CONSTRAINT evaluaciones_plantil_creado_por_id_6ef8dfee_fk_users_usu FOREIGN KEY (creado_por_id) REFERENCES public.users_usuario(id) DEFERRABLE INITIALLY DEFERRED;


--
-- Name: evaluaciones_plantillaexamen_programas_destino evaluaciones_plantil_plantillaexamen_id_4411387f_fk_evaluacio; Type: FK CONSTRAINT; Schema: public; Owner: postgres
--

ALTER TABLE ONLY public.evaluaciones_plantillaexamen_programas_destino
    ADD CONSTRAINT evaluaciones_plantil_plantillaexamen_id_4411387f_fk_evaluacio FOREIGN KEY (plantillaexamen_id) REFERENCES public.evaluaciones_plantillaexamen(id) DEFERRABLE INITIALLY DEFERRED;


--
-- Name: evaluaciones_plantillaexamen_programas_destino evaluaciones_plantil_programaacademico_id_83e8ee57_fk_users_pro; Type: FK CONSTRAINT; Schema: public; Owner: postgres
--

ALTER TABLE ONLY public.evaluaciones_plantillaexamen_programas_destino
    ADD CONSTRAINT evaluaciones_plantil_programaacademico_id_83e8ee57_fk_users_pro FOREIGN KEY (programaacademico_id) REFERENCES public.users_programaacademico(id) DEFERRABLE INITIALLY DEFERRED;


--
-- Name: evaluaciones_pregunta evaluaciones_pregunt_categoria_id_80bd801d_fk_evaluacio; Type: FK CONSTRAINT; Schema: public; Owner: postgres
--

ALTER TABLE ONLY public.evaluaciones_pregunta
    ADD CONSTRAINT evaluaciones_pregunt_categoria_id_80bd801d_fk_evaluacio FOREIGN KEY (categoria_id) REFERENCES public.evaluaciones_categoria(id) DEFERRABLE INITIALLY DEFERRED;


--
-- Name: evaluaciones_pregunta evaluaciones_pregunt_competencia_id_1d369f68_fk_evaluacio; Type: FK CONSTRAINT; Schema: public; Owner: postgres
--

ALTER TABLE ONLY public.evaluaciones_pregunta
    ADD CONSTRAINT evaluaciones_pregunt_competencia_id_1d369f68_fk_evaluacio FOREIGN KEY (competencia_id) REFERENCES public.evaluaciones_competencia(id) DEFERRABLE INITIALLY DEFERRED;


--
-- Name: evaluaciones_pregunta evaluaciones_pregunt_creado_por_id_290c215c_fk_users_usu; Type: FK CONSTRAINT; Schema: public; Owner: postgres
--

ALTER TABLE ONLY public.evaluaciones_pregunta
    ADD CONSTRAINT evaluaciones_pregunt_creado_por_id_290c215c_fk_users_usu FOREIGN KEY (creado_por_id) REFERENCES public.users_usuario(id) DEFERRABLE INITIALLY DEFERRED;


--
-- Name: evaluaciones_pregunta evaluaciones_pregunt_modulo_id_b1687dee_fk_evaluacio; Type: FK CONSTRAINT; Schema: public; Owner: postgres
--

ALTER TABLE ONLY public.evaluaciones_pregunta
    ADD CONSTRAINT evaluaciones_pregunt_modulo_id_b1687dee_fk_evaluacio FOREIGN KEY (modulo_id) REFERENCES public.evaluaciones_moduloprueba(id) DEFERRABLE INITIALLY DEFERRED;


--
-- Name: evaluaciones_pregunta evaluaciones_pregunt_version_original_id_d645efb2_fk_evaluacio; Type: FK CONSTRAINT; Schema: public; Owner: postgres
--

ALTER TABLE ONLY public.evaluaciones_pregunta
    ADD CONSTRAINT evaluaciones_pregunt_version_original_id_d645efb2_fk_evaluacio FOREIGN KEY (version_original_id) REFERENCES public.evaluaciones_pregunta(id) DEFERRABLE INITIALLY DEFERRED;


--
-- Name: evaluaciones_reglaexamen evaluaciones_reglaex_categoria_id_9b810730_fk_evaluacio; Type: FK CONSTRAINT; Schema: public; Owner: postgres
--

ALTER TABLE ONLY public.evaluaciones_reglaexamen
    ADD CONSTRAINT evaluaciones_reglaex_categoria_id_9b810730_fk_evaluacio FOREIGN KEY (categoria_id) REFERENCES public.evaluaciones_categoria(id) DEFERRABLE INITIALLY DEFERRED;


--
-- Name: evaluaciones_reglaexamen evaluaciones_reglaex_examen_id_bbccecfb_fk_evaluacio; Type: FK CONSTRAINT; Schema: public; Owner: postgres
--

ALTER TABLE ONLY public.evaluaciones_reglaexamen
    ADD CONSTRAINT evaluaciones_reglaex_examen_id_bbccecfb_fk_evaluacio FOREIGN KEY (examen_id) REFERENCES public.evaluaciones_plantillaexamen(id) DEFERRABLE INITIALLY DEFERRED;


--
-- Name: evaluaciones_reglaexamen evaluaciones_reglaex_modulo_id_206d44ea_fk_evaluacio; Type: FK CONSTRAINT; Schema: public; Owner: postgres
--

ALTER TABLE ONLY public.evaluaciones_reglaexamen
    ADD CONSTRAINT evaluaciones_reglaex_modulo_id_206d44ea_fk_evaluacio FOREIGN KEY (modulo_id) REFERENCES public.evaluaciones_moduloprueba(id) DEFERRABLE INITIALLY DEFERRED;


--
-- Name: evaluaciones_respuestaestudiante evaluaciones_respues_evaluador_id_504cd3f9_fk_users_usu; Type: FK CONSTRAINT; Schema: public; Owner: postgres
--

ALTER TABLE ONLY public.evaluaciones_respuestaestudiante
    ADD CONSTRAINT evaluaciones_respues_evaluador_id_504cd3f9_fk_users_usu FOREIGN KEY (evaluador_id) REFERENCES public.users_usuario(id) DEFERRABLE INITIALLY DEFERRED;


--
-- Name: evaluaciones_respuestaestudiante evaluaciones_respues_intento_id_9d9e4800_fk_evaluacio; Type: FK CONSTRAINT; Schema: public; Owner: postgres
--

ALTER TABLE ONLY public.evaluaciones_respuestaestudiante
    ADD CONSTRAINT evaluaciones_respues_intento_id_9d9e4800_fk_evaluacio FOREIGN KEY (intento_id) REFERENCES public.evaluaciones_intentoexamen(id) DEFERRABLE INITIALLY DEFERRED;


--
-- Name: evaluaciones_respuestaestudiante evaluaciones_respues_opcion_seleccionada__e170a8a8_fk_evaluacio; Type: FK CONSTRAINT; Schema: public; Owner: postgres
--

ALTER TABLE ONLY public.evaluaciones_respuestaestudiante
    ADD CONSTRAINT evaluaciones_respues_opcion_seleccionada__e170a8a8_fk_evaluacio FOREIGN KEY (opcion_seleccionada_id) REFERENCES public.evaluaciones_opcionrespuesta(id) DEFERRABLE INITIALLY DEFERRED;


--
-- Name: evaluaciones_respuestaestudiante evaluaciones_respues_pregunta_id_d441cc00_fk_evaluacio; Type: FK CONSTRAINT; Schema: public; Owner: postgres
--

ALTER TABLE ONLY public.evaluaciones_respuestaestudiante
    ADD CONSTRAINT evaluaciones_respues_pregunta_id_d441cc00_fk_evaluacio FOREIGN KEY (pregunta_id) REFERENCES public.evaluaciones_pregunta(id) DEFERRABLE INITIALLY DEFERRED;


--
-- Name: users_notificacion users_notificacion_usuario_id_c22b17d8_fk_users_usuario_id; Type: FK CONSTRAINT; Schema: public; Owner: postgres
--

ALTER TABLE ONLY public.users_notificacion
    ADD CONSTRAINT users_notificacion_usuario_id_c22b17d8_fk_users_usuario_id FOREIGN KEY (usuario_id) REFERENCES public.users_usuario(id) DEFERRABLE INITIALLY DEFERRED;


--
-- Name: users_usuario_groups users_usuario_groups_group_id_9d969afd_fk_auth_group_id; Type: FK CONSTRAINT; Schema: public; Owner: postgres
--

ALTER TABLE ONLY public.users_usuario_groups
    ADD CONSTRAINT users_usuario_groups_group_id_9d969afd_fk_auth_group_id FOREIGN KEY (group_id) REFERENCES public.auth_group(id) DEFERRABLE INITIALLY DEFERRED;


--
-- Name: users_usuario_groups users_usuario_groups_usuario_id_3a8a9a06_fk_users_usuario_id; Type: FK CONSTRAINT; Schema: public; Owner: postgres
--

ALTER TABLE ONLY public.users_usuario_groups
    ADD CONSTRAINT users_usuario_groups_usuario_id_3a8a9a06_fk_users_usuario_id FOREIGN KEY (usuario_id) REFERENCES public.users_usuario(id) DEFERRABLE INITIALLY DEFERRED;


--
-- Name: users_usuario users_usuario_programa_id_f3e8dc9a_fk_users_pro; Type: FK CONSTRAINT; Schema: public; Owner: postgres
--

ALTER TABLE ONLY public.users_usuario
    ADD CONSTRAINT users_usuario_programa_id_f3e8dc9a_fk_users_pro FOREIGN KEY (programa_id) REFERENCES public.users_programaacademico(id) DEFERRABLE INITIALLY DEFERRED;


--
-- Name: users_usuario_user_permissions users_usuario_user_p_permission_id_bf5f5453_fk_auth_perm; Type: FK CONSTRAINT; Schema: public; Owner: postgres
--

ALTER TABLE ONLY public.users_usuario_user_permissions
    ADD CONSTRAINT users_usuario_user_p_permission_id_bf5f5453_fk_auth_perm FOREIGN KEY (permission_id) REFERENCES public.auth_permission(id) DEFERRABLE INITIALLY DEFERRED;


--
-- Name: users_usuario_user_permissions users_usuario_user_p_usuario_id_75526fda_fk_users_usu; Type: FK CONSTRAINT; Schema: public; Owner: postgres
--

ALTER TABLE ONLY public.users_usuario_user_permissions
    ADD CONSTRAINT users_usuario_user_p_usuario_id_75526fda_fk_users_usu FOREIGN KEY (usuario_id) REFERENCES public.users_usuario(id) DEFERRABLE INITIALLY DEFERRED;


--
-- PostgreSQL database dump complete
--

